TreeID,Family,Genus,species,Xutm,Yutm,arbre_plus_proche,sondage_N,depth_sup,Family_2,Genus_2,species_2,Xutm_2,Yutm_2
"140619",Lecythidaceae,Eschweilera,coriacea,285417.196623,581558.7634,"140672",14.9,"55",Peraceae,,schomburgkiana,285421.7260689,581560.73835
"140620",Sapindaceae,Cupania,rubiginosa,285417.455593075,581558.94505,"140672",14.9,"55",Peraceae,,schomburgkiana,285421.7260689,581560.73835
"140621",Fabaceae,Inga,loubryana,285417.5876341,581560.2398,"140672",14.9,"55",Peraceae,,schomburgkiana,285421.7260689,581560.73835
"140623",Clusiaceae,Tovomita,"sp,11 CAY-ATDN",285417.1927175,581560.8547,"140672",14.9,"55",Peraceae,,schomburgkiana,285421.7260689,581560.73835
"140623",Clusiaceae,Tovomita,"sp,11 CAY-ATDN",285417.1927175,581560.8547,"140672",14.9,"55",Peraceae,,schomburgkiana,285421.7260689,581560.73835
"140626",Lecythidaceae,Gustavia,hexapetala,285418.527542675,581560.93785,"140672",14.9,"55",Peraceae,,schomburgkiana,285421.7260689,581560.73835
"140627",Ochnaceae,Lacunaria,jenmanii,285418.681512,581560.7744,"140672",14.9,"55",Peraceae,,schomburgkiana,285421.7260689,581560.73835
"140628",Melastomataceae,Henriettea,flavescens,285417.94065315,581561.49565,"140672",14.9,"55",Peraceae,,schomburgkiana,285421.7260689,581560.73835
"140629",Rubiaceae,Palicourea,quadrifolia,285417.7467352,581562.4842,"140672",14.9,"55",Peraceae,,schomburgkiana,285421.7260689,581560.73835
"140630",Chrysobalanaceae,Hymenopus,heteromorphus,285417.0078081,581562.1598,"140672",14.9,"55",Peraceae,,schomburgkiana,285421.7260689,581560.73835
"140642",Sapindaceae,Talisia,furfuracea,285419.6736347,581564.4174,"140672",14.9,"55",Peraceae,,schomburgkiana,285421.7260689,581560.73835
"140643",Fabaceae,Inga,rubiginosa,285419.9525825,581564.1865,"140672",14.9,"55",Peraceae,,schomburgkiana,285421.7260689,581560.73835
"140644",Myristicaceae,Iryanthera,sagotiana,285420.3365447,581564.3007,"140672",14.9,"55",Peraceae,,schomburgkiana,285421.7260689,581560.73835
"140649",Myristicaceae,Iryanthera,sagotiana,285423.3502702,581565.4063,"140672",14.9,"55",Peraceae,,schomburgkiana,285421.7260689,581560.73835
"140650",Annonaceae,Anaxagorea,dolichocarpa,285421.0664544,581564.30855,"140672",14.9,"55",Peraceae,,schomburgkiana,285421.7260689,581560.73835
"140651",Fabaceae,Swartzia,guianensis,285420.2985312,581564.08015,"140672",14.9,"55",Peraceae,,schomburgkiana,285421.7260689,581560.73835
"140652",Myristicaceae,Iryanthera,hostmannii,285420.577477125,581563.84925,"140672",14.9,"55",Peraceae,,schomburgkiana,285421.7260689,581560.73835
"140653",Myristicaceae,Iryanthera,hostmannii,285420.577477125,581563.84925,"140672",14.9,"55",Peraceae,,schomburgkiana,285421.7260689,581560.73835
"140654",Myristicaceae,Iryanthera,hostmannii,285420.03954875,581563.8985,"140672",14.9,"55",Peraceae,,schomburgkiana,285421.7260689,581560.73835
"140655",Chrysobalanaceae,Licania,membranacea,285420.97237505,581563.23435,"140672",14.9,"55",Peraceae,,schomburgkiana,285421.7260689,581560.73835
"140656",Clusiaceae,Symphonia,"sp,1",285423.34312995,581564.0441,"140672",14.9,"55",Peraceae,,schomburgkiana,285421.7260689,581560.73835
"140657",Annonaceae,Oxandra,asbeckii,285422.854152,581563.5848,"140672",14.9,"55",Peraceae,,schomburgkiana,285421.7260689,581560.73835
"140658",Violaceae,Leonia,glycycarpa,285422.74913385,581563.2397,"140672",14.9,"55",Peraceae,,schomburgkiana,285421.7260689,581560.73835
"140659",Euphorbiaceae,Mabea,piriri,285422.74913385,581563.2397,"140672",14.9,"55",Peraceae,,schomburgkiana,285421.7260689,581560.73835
"140660",Chrysobalanaceae,Hymenopus,heteromorphus,285424.8319126,581563.9638,"140672",14.9,"55",Peraceae,,schomburgkiana,285421.7260689,581560.73835
"140661",Apocynaceae,Aspidosperma,excelsum,285422.98102945,581562.4717,"140672",14.9,"55",Peraceae,,schomburgkiana,285421.7260689,581560.73835
"140662",Annonaceae,Anaxagorea,dolichocarpa,285424.0858472,581562.2772,"140672",14.9,"55",Peraceae,,schomburgkiana,285421.7260689,581560.73835
"140663",Fabaceae,Inga,sarmentosa,285424.201792,581561.8932,"140672",14.9,"55",Peraceae,,schomburgkiana,285421.7260689,581560.73835
"140664",Myristicaceae,Virola,michelii,285425.009606,581561.2965,"140672",14.9,"55",Peraceae,,schomburgkiana,285421.7260689,581560.73835
"140665",Annonaceae,Anaxagorea,dolichocarpa,285425.384524775,581561.09415,"140672",14.9,"55",Peraceae,,schomburgkiana,285421.7260689,581560.73835
"140666",Annonaceae,Anaxagorea,dolichocarpa,285425.388321225,581559.00285,"140672",14.9,"55",Peraceae,,schomburgkiana,285421.7260689,581560.73835
"140667",Sapindaceae,Talisia,megaphylla,285424.544411375,581558.33335,"140672",14.9,"55",Peraceae,,schomburgkiana,285421.7260689,581560.73835
"140668",Lecythidaceae,Eschweilera,pedicellata,285423.4956795,581559.3815,"140672",14.9,"55",Peraceae,,schomburgkiana,285421.7260689,581560.73835
"140669",Annonaceae,Anaxagorea,dolichocarpa,285422.47976275,581558.24235,"140672",14.9,"55",Peraceae,,schomburgkiana,285421.7260689,581560.73835
"140670",Clusiaceae,Garcinia,benthamiana,285421.7279903,581559.6927,"140672",14.9,"55",Peraceae,,schomburgkiana,285421.7260689,581560.73835
"140671",Annonaceae,Anaxagorea,dolichocarpa,285421.429083675,581560.33615,"140672",14.9,"55",Peraceae,,schomburgkiana,285421.7260689,581560.73835
"140672",Peraceae,Pogonophora,schomburgkiana,285421.7260689,581560.73835,"140672",14.9,"55",Peraceae,,schomburgkiana,285421.7260689,581560.73835
"140673",Malvaceae,Sterculia,multiovula,285421.349221975,581561.98635,"140672",14.9,"55",Peraceae,,schomburgkiana,285421.7260689,581560.73835
"140674",Fabaceae,Tachigali,melinonii,285421.44521065,581562.0149,"140672",14.9,"55",Peraceae,,schomburgkiana,285421.7260689,581560.73835
"140677",Myristicaceae,Iryanthera,sagotiana,285420.8113014,581562.0356,"140672",14.9,"55",Peraceae,,schomburgkiana,285421.7260689,581560.73835
"140678",Annonaceae,Unonopsis,rufescens,285420.7243356,581562.3236,"140672",14.9,"55",Peraceae,,schomburgkiana,285421.7260689,581560.73835
"140679",Myristicaceae,Virola,michelii,285420.7243356,581562.3236,"140672",14.9,"55",Peraceae,,schomburgkiana,285421.7260689,581560.73835
"140680",Fabaceae,Dicorynia,guianensis,285419.527369875,581560.39825,"140672",14.9,"55",Peraceae,,schomburgkiana,285421.7260689,581560.73835
"140681",Sapindaceae,Talisia,sylvatica,285420.326194,581559.485,"140672",14.9,"55",Peraceae,,schomburgkiana,285421.7260689,581560.73835
"140682",Myristicaceae,Virola,michelii,285420.0382327,581559.39935,"140672",14.9,"55",Peraceae,,schomburgkiana,285421.7260689,581560.73835
"140683",Fabaceae,Tachigali,melinonii,285419.6922915,581559.5057,"140672",14.9,"55",Peraceae,,schomburgkiana,285421.7260689,581560.73835
"140684",Sapindaceae,Cupania,rubiginosa,285420.991015875,581558.32265,"140672",14.9,"55",Peraceae,,schomburgkiana,285421.7260689,581560.73835
"140685",Clusiaceae,Tovomita,"sp,11 CAY-ATDN",285421.62684285,581557.2563,"140672",14.9,"55",Peraceae,,schomburgkiana,285421.7260689,581560.73835
"140717",Clusiaceae,Garcinia,madruno,285422.9236063,581557.1189,"140672",14.9,"55",Peraceae,,schomburgkiana,285421.7260689,581560.73835
"140721",Myristicaceae,Iryanthera,hostmannii,285424.5753117,581557.1917,"140672",14.9,"55",Peraceae,,schomburgkiana,285421.7260689,581560.73835
"140753",Metteniusaceae,Poraqueiba,guianensis,285420.90792445,581556.51935,"140672",14.9,"55",Peraceae,,schomburgkiana,285421.7260689,581560.73835
"140815",Malvaceae,Theobroma,subincanum,285418.93662315,581563.04735,"140672",14.9,"55",Peraceae,,schomburgkiana,285421.7260689,581560.73835
"140822",Myristicaceae,Iryanthera,sagotiana,285430.80137515,581529.6447,"140838",14.4,"73",Fabaceae,,prouacensis,285434.102125125,581530.83595
"140837",Chrysobalanaceae,Leptobalanus,sprucei,285433.1835875,581534.2245,"140838",14.4,"73",Fabaceae,,prouacensis,285434.102125125,581530.83595
"140838",Fabaceae,Bocoa,prouacensis,285434.102125125,581530.83595,"140838",14.4,"73",Fabaceae,,prouacensis,285434.102125125,581530.83595
"140839",Lauraceae,Ocotea,nigra,285431.817000525,581530.78385,"140838",14.4,"73",Fabaceae,,prouacensis,285434.102125125,581530.83595
"140841",Violaceae,Leonia,glycycarpa,285429.51186445,581531.1443,"140838",14.4,"73",Fabaceae,,prouacensis,285434.102125125,581530.83595
"140862",Simaroubaceae,Homalolepis,cedron,285432.6176625,581528.82495,"140838",14.4,"73",Fabaceae,,prouacensis,285434.102125125,581530.83595
"140863",Myristicaceae,Iryanthera,hostmannii,285435.5744859,581529.0769,"140838",14.4,"73",Fabaceae,,prouacensis,285434.102125125,581530.83595
"140864",Euphorbiaceae,Conceveiba,guianensis,285434.500896,581528.12975,"140838",14.4,"73",Fabaceae,,prouacensis,285434.102125125,581530.83595
"140865",Annonaceae,Annona,ambotay,285434.471909875,581528.22575,"140838",14.4,"73",Fabaceae,,prouacensis,285434.102125125,581530.83595
"140866",Myristicaceae,Iryanthera,hostmannii,285436.491035,581526.734,"140838",14.4,"73",Fabaceae,,prouacensis,285434.102125125,581530.83595
"140867",Simaroubaceae,Homalolepis,cedron,285435.29954725,581527.2165,"140838",14.4,"73",Fabaceae,,prouacensis,285434.102125125,581530.83595
"140886",Sapotaceae,Pouteria,torta,285433.7711915,581528.1219,"140838",14.4,"73",Fabaceae,,prouacensis,285434.102125125,581530.83595
"140887",Chrysobalanaceae,Hymenopus,heteromorphus,285435.45150675,581528.0987,"140838",14.4,"73",Fabaceae,,prouacensis,285434.102125125,581530.83595
"141281",Annonaceae,Anaxagorea,dolichocarpa,285438.47331725,581529.52085,"140838",14.4,"73",Fabaceae,,prouacensis,285434.102125125,581530.83595
"141282",Fabaceae,Inga,jenmanii,285437.752629625,581529.82955,"140838",14.4,"73",Fabaceae,,prouacensis,285434.102125125,581530.83595
"141309",Annonaceae,Anaxagorea,dolichocarpa,285436.44324785,581531.7417,"140838",14.4,"73",Fabaceae,,prouacensis,285434.102125125,581530.83595
"141310",Cordiaceae,Cordia,sprucei,285438.228561,581532.0636,"140838",14.4,"73",Fabaceae,,prouacensis,285434.102125125,581530.83595
"141311",Sapotaceae,Pouteria,bangii,285437.1420368,581532.8912,"140838",14.4,"73",Fabaceae,,prouacensis,285434.102125125,581530.83595
"141312",Lauraceae,Ocotea,nigra,285436.642245,581533.161,"140838",14.4,"73",Fabaceae,,prouacensis,285434.102125125,581530.83595
"141313",Lecythidaceae,Eschweilera,coriacea,285437.8318217,581533.72415,"140838",14.4,"73",Fabaceae,,prouacensis,285434.102125125,581530.83595
"141315",Burseraceae,Dacryodes,nitens,285435.2298084,581533.6824,"140838",14.4,"73",Fabaceae,,prouacensis,285434.102125125,581530.83595
"141316",Malvaceae,Sterculia,pruriens,285435.977562325,581534.32335,"140838",14.4,"73",Fabaceae,,prouacensis,285434.102125125,581530.83595
"142057",Vochysiaceae,Qualea,rosea,285468.23710375,581501.2365,"142097",14.2,"70",Meliaceae,,surinamensis,285471.880797125,581503.36705
"142059",Sapindaceae,Cupania,rubiginosa,285468.0324612,581502.95415,"142097",14.2,"70",Meliaceae,,surinamensis,285471.880797125,581503.36705
"142060",Lecythidaceae,Eschweilera,sagotiana,285467.2051644,581503.9634,"142097",14.2,"70",Meliaceae,,surinamensis,285471.880797125,581503.36705
"142065",Meliaceae,Guarea,costata,285468.4576832,581506.7424,"142097",14.2,"70",Meliaceae,,surinamensis,285471.880797125,581503.36705
"142066",Sapindaceae,Cupania,rubiginosa,285468.298478,581504.498,"142097",14.2,"70",Meliaceae,,surinamensis,285471.880797125,581503.36705
"142068",Sapindaceae,Talisia,sylvatica,285468.9718948,581503.6522,"142097",14.2,"70",Meliaceae,,surinamensis,285471.880797125,581503.36705
"142069",Sapindaceae,Cupania,rubiginosa,285469.614485525,581503.94805,"142097",14.2,"70",Meliaceae,,surinamensis,285471.880797125,581503.36705
"142071",Melastomataceae,Henriettea,flavescens,285471.949499875,581507.99075,"142097",14.2,"70",Meliaceae,,surinamensis,285471.880797125,581503.36705
"142072",Siparunaceae,Siparuna,decipiens,285472.065354375,581507.60675,"142097",14.2,"70",Meliaceae,,surinamensis,285471.880797125,581503.36705
"142073",Ochnaceae,Lacunaria,crenata,285471.855382425,581506.91655,"142097",14.2,"70",Meliaceae,,surinamensis,285471.880797125,581503.36705
"142074",Ochnaceae,Lacunaria,crenata,285472.7477915,581507.0775,"142097",14.2,"70",Meliaceae,,surinamensis,285471.880797125,581503.36705
"142075",Malvaceae,Theobroma,guianense,285473.1496448,581507.8248,"142097",14.2,"70",Meliaceae,,surinamensis,285471.880797125,581503.36705
"142076",Sapotaceae,Pouteria,singularis,285473.4971984,581506.6728,"142097",14.2,"70",Meliaceae,,surinamensis,285471.880797125,581503.36705
"142077",Chrysobalanaceae,Hymenopus,heteromorphus,285471.88800375,581504.72925,"142097",14.2,"70",Meliaceae,,surinamensis,285471.880797125,581503.36705
"142078",Annonaceae,Duguetia,calycina,285474.259278975,581504.49335,"142097",14.2,"70",Meliaceae,,surinamensis,285471.880797125,581503.36705
"142079",Vochysiaceae,Qualea,rosea,285471.8608746,581503.7796,"142097",14.2,"70",Meliaceae,,surinamensis,285471.880797125,581503.36705
"142080",Burseraceae,Protium,opacum,285471.697967,581503.6265,"142097",14.2,"70",Meliaceae,,surinamensis,285471.880797125,581503.36705
"142081",Myristicaceae,Virola,michelii,285471.363112125,581503.00375,"142097",14.2,"70",Meliaceae,,surinamensis,285471.880797125,581503.36705
"142082",Ochnaceae,Quiina,integrifolia,285469.8770368,581502.0384,"142097",14.2,"70",Meliaceae,,surinamensis,285471.880797125,581503.36705
"142083",Vochysiaceae,Qualea,rosea,285471.402962875,581502.17865,"142097",14.2,"70",Meliaceae,,surinamensis,285471.880797125,581503.36705
"142085",Melastomataceae,Mouriri,huberi,285473.15875905,581502.59655,"142097",14.2,"70",Meliaceae,,surinamensis,285471.880797125,581503.36705
"142087",Fabaceae,Inga,loubryana,285474.57786895,581503.43735,"142097",14.2,"70",Meliaceae,,surinamensis,285471.880797125,581503.36705
"142089",Myristicaceae,Iryanthera,sagotiana,285474.54534665,581500.07985,"142097",14.2,"70",Meliaceae,,surinamensis,285471.880797125,581503.36705
"142090",Annonaceae,Anaxagorea,dolichocarpa,285468.82174795,581501.72435,"142097",14.2,"70",Meliaceae,,surinamensis,285471.880797125,581503.36705
"142091",Vochysiaceae,Qualea,rosea,285469.17838765,581500.8889,"142097",14.2,"70",Meliaceae,,surinamensis,285471.880797125,581503.36705
"142092",Lecythidaceae,Lecythis,persistens,285470.688096,581499.3504,"142097",14.2,"70",Meliaceae,,surinamensis,285471.880797125,581503.36705
"142094",Malvaceae,Theobroma,guianense,285468.8849947,581503.9402,"142097",14.2,"70",Meliaceae,,surinamensis,285471.880797125,581503.36705
"142095",Chrysobalanaceae,Licania,alba,285469.6759251,581507.20955,"142097",14.2,"70",Meliaceae,,surinamensis,285471.880797125,581503.36705
"142096",Myristicaceae,Iryanthera,hostmannii,285473.65106175,581506.50935,"142097",14.2,"70",Meliaceae,,surinamensis,285471.880797125,581503.36705
"142097",Meliaceae,Carapa,surinamensis,285471.880797125,581503.36705,"142097",14.2,"70",Meliaceae,,surinamensis,285471.880797125,581503.36705
"142098",Lecythidaceae,Lecythis,persistens,285472.8764832,581499.37395,"142097",14.2,"70",Meliaceae,,surinamensis,285471.880797125,581503.36705
"142324",Melastomataceae,Mouriri,sagotiana,285453.7926713,581566.09145,"142580",14.8,"85",Clusiaceae,,"sp,1",285456.0913184,581569.9136
"142326",Rubiaceae,Margaritopsis,kappleri,285454.65821575,581565.30275,"142580",14.8,"85",Clusiaceae,,"sp,1",285456.0913184,581569.9136
"142330",Clusiaceae,Tovomita,"sp,11 CAY-ATDN",285455.512976425,581565.24315,"142580",14.8,"85",Clusiaceae,,"sp,1",285456.0913184,581569.9136
"142396",Vochysiaceae,Qualea,rosea,285453.0891835,581573.6237,"142580",14.8,"85",Clusiaceae,,"sp,1",285456.0913184,581569.9136
"142397",Salicaceae,Casearia,"sp,1 CAY-ATDN",285453.52362775,581572.1837,"142580",14.8,"85",Clusiaceae,,"sp,1",285456.0913184,581569.9136
"142398",Annonaceae,Unonopsis,stipitata,285453.52362775,581572.1837,"142580",14.8,"85",Clusiaceae,,"sp,1",285456.0913184,581569.9136
"142399",Sapotaceae,Pouteria,jariensis,285453.670108,581570.65805,"142580",14.8,"85",Clusiaceae,,"sp,1",285456.0913184,581569.9136
"142399",Sapotaceae,Pouteria,jariensis,285453.670108,581570.65805,"142580",14.8,"85",Clusiaceae,,"sp,1",285456.0913184,581569.9136
"142401",Urticaceae,Pourouma,mollis,285452.42968595,581571.6491,"142580",14.8,"85",Clusiaceae,,"sp,1",285456.0913184,581569.9136
"142402",Peraceae,Pogonophora,schomburgkiana,285452.739191925,581570.27655,"142580",14.8,"85",Clusiaceae,,"sp,1",285456.0913184,581569.9136
"142403",Peraceae,Pogonophora,schomburgkiana,285452.701132,581570.056,"142580",14.8,"85",Clusiaceae,,"sp,1",285456.0913184,581569.9136
"142404",Myristicaceae,Iryanthera,sagotiana,285455.163746,581567.4408,"142580",14.8,"85",Clusiaceae,,"sp,1",285456.0913184,581569.9136
"142406",Anacardiaceae,Thyrsodium,puberulum,285452.590323575,581567.30305,"142580",14.8,"85",Clusiaceae,,"sp,1",285456.0913184,581569.9136
"142579",Annonaceae,Fusaea,longifolia,285455.6693076,581569.57885,"142580",14.8,"85",Clusiaceae,,"sp,1",285456.0913184,581569.9136
"142580",Clusiaceae,Symphonia,"sp,1",285456.0913184,581569.9136,"142580",14.8,"85",Clusiaceae,,"sp,1",285456.0913184,581569.9136
"142581",Annonaceae,Duguetia,calycina,285458.3950052,581570.5988,"142580",14.8,"85",Clusiaceae,,"sp,1",285456.0913184,581569.9136
"142583",Peraceae,Pogonophora,schomburgkiana,285456.386733075,581571.36145,"142580",14.8,"85",Clusiaceae,,"sp,1",285456.0913184,581569.9136
"142584",Clusiaceae,Symphonia,"sp,1",285456.45376,581571.486,"142580",14.8,"85",Clusiaceae,,"sp,1",285456.0913184,581569.9136
"142585",Melastomataceae,Mouriri,crassifolia,285454.981672825,581573.24505,"142580",14.8,"85",Clusiaceae,,"sp,1",285456.0913184,581569.9136
"142598",Chrysobalanaceae,Leptobalanus,sprucei,285459.4856844,581573.2247,"142580",14.8,"85",Clusiaceae,,"sp,1",285456.0913184,581569.9136
"142608",Polygonaceae,Coccoloba,mollis,285460.826883125,581569.12525,"142580",14.8,"85",Clusiaceae,,"sp,1",285456.0913184,581569.9136
"142610",Clusiaceae,Garcinia,benthamiana,285461.046188,581570.132,"142580",14.8,"85",Clusiaceae,,"sp,1",285456.0913184,581569.9136
"142611",Chrysobalanaceae,Couepia,guianensis,285460.845104525,581569.75835,"142580",14.8,"85",Clusiaceae,,"sp,1",285456.0913184,581569.9136
"142612",Fabaceae,Inga,loubryana,285458.690443275,581572.04665,"142580",14.8,"85",Clusiaceae,,"sp,1",285456.0913184,581569.9136
"142613",Chrysobalanaceae,Leptobalanus,sprucei,285459.671794375,581570.87395,"142580",14.8,"85",Clusiaceae,,"sp,1",285456.0913184,581569.9136
"142614",Myristicaceae,Iryanthera,hostmannii,285457.26301795,581569.84365,"142580",14.8,"85",Clusiaceae,,"sp,1",285456.0913184,581569.9136
"142615",Sapotaceae,Pouteria,sagotiana,285458.541444725,581569.07315,"142580",14.8,"85",Clusiaceae,,"sp,1",285456.0913184,581569.9136
"142617",Myristicaceae,Iryanthera,hostmannii,285457.7744818,581574.38955,"142580",14.8,"85",Clusiaceae,,"sp,1",285456.0913184,581569.9136
"142632",Chrysobalanaceae,Licania,canescens,285457.106639675,581565.50795,"142580",14.8,"85",Clusiaceae,,"sp,1",285456.0913184,581569.9136
"142638",Ochnaceae,Quiina,integrifolia,285457.0975418,581565.1914,"142580",14.8,"85",Clusiaceae,,"sp,1",285456.0913184,581569.9136
"142640",Myristicaceae,Iryanthera,hostmannii,285457.0958751,581566.23705,"142580",14.8,"85",Clusiaceae,,"sp,1",285456.0913184,581569.9136
"142641",Sapotaceae,Pouteria,hispida,285456.067341825,581566.87265,"142580",14.8,"85",Clusiaceae,,"sp,1",285456.0913184,581569.9136
"142642",Myrtaceae,Eugenia,exaltata,285459.7925355,581567.353,"142580",14.8,"85",Clusiaceae,,"sp,1",285456.0913184,581569.9136
"142908",Fabaceae,Inga,loubryana,285475.9788872,581503.64505,"142097",14.2,"70",Meliaceae,,surinamensis,285471.880797125,581503.36705
"142909",Vochysiaceae,Qualea,rosea,285475.046681,581504.3092,"142097",14.2,"70",Meliaceae,,surinamensis,285471.880797125,581503.36705
"142910",Annonaceae,Anaxagorea,dolichocarpa,285475.276564675,581504.58685,"142097",14.2,"70",Meliaceae,,surinamensis,285471.880797125,581503.36705
"142911",Fabaceae,Parkia,velutina,285475.504642525,581505.91015,"142097",14.2,"70",Meliaceae,,surinamensis,285471.880797125,581503.36705
"142915",Vochysiaceae,Qualea,rosea,285474.177815,581507.1892,"142097",14.2,"70",Meliaceae,,surinamensis,285471.880797125,581503.36705
"143582",Clusiaceae,Garcinia,madruno,285481.1974371,581580.3101,"144259",14.7,"93",Peraceae,,schomburgkiana,285485.7421145,581578.419
"143583",Moraceae,Naucleopsis,guianensis,285481.99429025,581580.4425,"144259",14.7,"93",Peraceae,,schomburgkiana,285485.7421145,581578.419
"143584",Sapotaceae,Pouteria,bangii,285482.6965911,581579.5007,"144259",14.7,"93",Peraceae,,schomburgkiana,285485.7421145,581578.419
"143585",Annonaceae,Anaxagorea,dolichocarpa,285481.4868506,581579.3501,"144259",14.7,"93",Peraceae,,schomburgkiana,285485.7421145,581578.419
"143586",Vochysiaceae,Qualea,rosea,285481.5447333,581579.1581,"144259",14.7,"93",Peraceae,,schomburgkiana,285485.7421145,581578.419
"143587",Myrtaceae,Eugenia,exaltata,285481.4395815,581578.813,"144259",14.7,"93",Peraceae,,schomburgkiana,285485.7421145,581578.419
"143588",Sapotaceae,Pouteria,flavilatex,285483.52381275,581578.49145,"144259",14.7,"93",Peraceae,,schomburgkiana,285485.7421145,581578.419
"143589",Annonaceae,Unonopsis,stipitata,285483.525254,581577.4458,"144259",14.7,"93",Peraceae,,schomburgkiana,285485.7421145,581578.419
"143590",Annonaceae,Anaxagorea,dolichocarpa,285481.441034975,581577.76735,"144259",14.7,"93",Peraceae,,schomburgkiana,285485.7421145,581578.419
"143609",Annonaceae,Oxandra,asbeckii,285481.885781875,581575.59825,"144259",14.7,"93",Peraceae,,schomburgkiana,285485.7421145,581578.419
"143633",Chrysobalanaceae,Leptobalanus,sprucei,285483.826719725,581574.71105,"144259",14.7,"93",Peraceae,,schomburgkiana,285485.7421145,581578.419
"143634",Myristicaceae,Iryanthera,hostmannii,285483.960807625,581574.96015,"144259",14.7,"93",Peraceae,,schomburgkiana,285485.7421145,581578.419
"144203",Lecythidaceae,Lecythis,persistens,285485.12468,581573.528,"144259",14.7,"93",Peraceae,,schomburgkiana,285485.7421145,581578.419
"144204",Myristicaceae,Iryanthera,hostmannii,285486.093679325,581574.13005,"144259",14.7,"93",Peraceae,,schomburgkiana,285485.7421145,581578.419
"144205",Chrysobalanaceae,Hymenopus,heteromorphus,285486.1317847,581574.3506,"144259",14.7,"93",Peraceae,,schomburgkiana,285485.7421145,581578.419
"144206",Sapindaceae,Talisia,macrophylla,285485.3716376,581575.4844,"144259",14.7,"93",Peraceae,,schomburgkiana,285485.7421145,581578.419
"144207",Fabaceae,Swartzia,gracilifolia,285486.456407875,581575.70245,"144259",14.7,"93",Peraceae,,schomburgkiana,285485.7421145,581578.419
"144208",Melastomataceae,Mouriri,huberi,285487.629416525,581574.58685,"144259",14.7,"93",Peraceae,,schomburgkiana,285485.7421145,581578.419
"144209",Melastomataceae,Mouriri,sagotiana,285487.58214,581574.04975,"144259",14.7,"93",Peraceae,,schomburgkiana,285485.7421145,581578.419
"144210",Clusiaceae,Symphonia,"sp,1",285487.553201875,581574.14575,"144259",14.7,"93",Peraceae,,schomburgkiana,285485.7421145,581578.419
"144211",Vochysiaceae,Qualea,rosea,285488.82850195,581575.46655,"144259",14.7,"93",Peraceae,,schomburgkiana,285485.7421145,581578.419
"144247",Myristicaceae,Iryanthera,sagotiana,285487.4727072,581576.8416,"144259",14.7,"93",Peraceae,,schomburgkiana,285485.7421145,581578.419
"144248",Chrysobalanaceae,Couepia,guianensis,285487.49105295,581577.4747,"144259",14.7,"93",Peraceae,,schomburgkiana,285485.7421145,581578.419
"144250",Lauraceae,Ocotea,debilis,285488.2772895,581578.3362,"144259",14.7,"93",Peraceae,,schomburgkiana,285485.7421145,581578.419
"144251",Peraceae,Pogonophora,schomburgkiana,285487.52774985,581578.7409,"144259",14.7,"93",Peraceae,,schomburgkiana,285485.7421145,581578.419
"144252",Clusiaceae,Symphonia,"sp,1",285488.112846,581579.22875,"144259",14.7,"93",Peraceae,,schomburgkiana,285485.7421145,581578.419
"144253",Myristicaceae,Iryanthera,hostmannii,285488.477035,581579.7555,"144259",14.7,"93",Peraceae,,schomburgkiana,285485.7421145,581578.419
"144256",Chrysobalanaceae,Licania,canescens,285486.834666875,581579.99925,"144259",14.7,"93",Peraceae,,schomburgkiana,285485.7421145,581578.419
"144257",Sapotaceae,Manilkara,bidentata,285486.4231946,581578.9354,"144259",14.7,"93",Peraceae,,schomburgkiana,285485.7421145,581578.419
"144258",Clusiaceae,Tovomita,"sp,11 CAY-ATDN",285485.9813704,581579.0132,"144259",14.7,"93",Peraceae,,schomburgkiana,285485.7421145,581578.419
"144258",Clusiaceae,Tovomita,"sp,11 CAY-ATDN",285485.9813704,581579.0132,"144259",14.7,"93",Peraceae,,schomburgkiana,285485.7421145,581578.419
"144259",Peraceae,Pogonophora,schomburgkiana,285485.7421145,581578.419,"144259",14.7,"93",Peraceae,,schomburgkiana,285485.7421145,581578.419
"144260",Myristicaceae,Iryanthera,hostmannii,285485.32780345,581579.44645,"144259",14.7,"93",Peraceae,,schomburgkiana,285485.7421145,581578.419
"144261",Euphorbiaceae,Conceveiba,guianensis,285484.8083304,581580.1288,"144259",14.7,"93",Peraceae,,schomburgkiana,285485.7421145,581578.419
"144262",Myristicaceae,Iryanthera,sagotiana,285484.835847675,581581.07845,"144259",14.7,"93",Peraceae,,schomburgkiana,285485.7421145,581578.419
"144263",Clusiaceae,Tovomita,"sp,2 CAY-ATDN",285486.018064,581580.2794,"144259",14.7,"93",Peraceae,,schomburgkiana,285485.7421145,581578.419
"144266",Chrysobalanaceae,Licania,alba,285486.78456125,581581.55345,"144259",14.7,"93",Peraceae,,schomburgkiana,285485.7421145,581578.419
"144268",Sapindaceae,Cupania,rubiginosa,285485.631285,581582.2565,"144259",14.7,"93",Peraceae,,schomburgkiana,285485.7421145,581578.419
"144269",Fabaceae,Tachigali,paraensis,285485.515534,581582.6405,"144259",14.7,"93",Peraceae,,schomburgkiana,285485.7421145,581578.419
"144270",Burseraceae,Protium,sagotianum,285484.546461925,581582.03845,"144259",14.7,"93",Peraceae,,schomburgkiana,285485.7421145,581578.419
"144271",Fabaceae,Inga,sarmentosa,285483.720666975,581582.00205,"144259",14.7,"93",Peraceae,,schomburgkiana,285485.7421145,581578.419
"144272",Meliaceae,Guarea,pubescens,285483.681134225,581582.82715,"144259",14.7,"93",Peraceae,,schomburgkiana,285485.7421145,581578.419
"144302",Annonaceae,Guatteria,guianensis,285489.91045175,581577.7759,"144259",14.7,"93",Peraceae,,schomburgkiana,285485.7421145,581578.419
"144304",Sapotaceae,Pouteria,jariensis,285489.5921596,581578.8319,"144259",14.7,"93",Peraceae,,schomburgkiana,285485.7421145,581578.419
"144305",Melastomataceae,Mouriri,crassifolia,285489.5724035,581579.24445,"144259",14.7,"93",Peraceae,,schomburgkiana,285485.7421145,581578.419
"144306",Rubiaceae,Palicourea,quadrifolia,285488.528544675,581577.15565,"144259",14.7,"93",Peraceae,,schomburgkiana,285485.7421145,581578.419
"144307",Rubiaceae,Palicourea,quadrifolia,285488.70712425,581580.03315,"144259",14.7,"93",Peraceae,,schomburgkiana,285485.7421145,581578.419
"144308",Annonaceae,Guatteria,punctata,285489.281656,581581.2501,"144259",14.7,"93",Peraceae,,schomburgkiana,285485.7421145,581578.419
"144309",Sapotaceae,Chrysophyllum,sanguinolentum,285488.4664565,581580.4846,"144259",14.7,"93",Peraceae,,schomburgkiana,285485.7421145,581578.419
"144310",Moraceae,Brosimum,utile,285488.81089705,581581.4239,"144259",14.7,"93",Peraceae,,schomburgkiana,285485.7421145,581578.419
"144311",Peraceae,Pogonophora,schomburgkiana,285488.0705317,581582.14515,"144259",14.7,"93",Peraceae,,schomburgkiana,285485.7421145,581578.419
"144312",Melastomataceae,Mouriri,huberi,285488.1770955,581581.4446,"144259",14.7,"93",Peraceae,,schomburgkiana,285485.7421145,581578.419
"144314",Lecythidaceae,Eschweilera,coriacea,285485.6842375,581578.611,"144259",14.7,"93",Peraceae,,schomburgkiana,285485.7421145,581578.419
"153148",Lecythidaceae,Eschweilera,coriacea,285588.17210725,581576.15015,"153634",15.6,"84",Sapotaceae,,bangii,285592.9912222,581575.0738
"153184",Lecythidaceae,Lecythis,persistens,285589.2292265,581574.3729,"153634",15.6,"84",Sapotaceae,,bangii,285592.9912222,581575.0738
"153184",Lecythidaceae,Lecythis,persistens,285589.2292265,581574.3729,"153634",15.6,"84",Sapotaceae,,bangii,285592.9912222,581575.0738
"153614",Chrysobalanaceae,Couepia,guianensis,285592.552652,581570.969,"153634",15.6,"84",Sapotaceae,,bangii,285592.9912222,581575.0738
"153615",Clusiaceae,Tovomita,obovata,285592.619747175,581571.09355,"153634",15.6,"84",Sapotaceae,,bangii,285592.9912222,581575.0738
"153616",Clusiaceae,Tovomita,"sp,11 CAY-ATDN",285593.2048692,581571.5814,"153634",15.6,"84",Sapotaceae,,bangii,285592.9912222,581575.0738
"153617",Chrysobalanaceae,Hymenopus,latistipulus,285592.74381375,581572.07175,"153634",15.6,"84",Sapotaceae,,bangii,285592.9912222,581575.0738
"153618",Metteniusaceae,Emmotum,fagifolium,285591.9948762,581572.47645,"153634",15.6,"84",Sapotaceae,,bangii,285592.9912222,581575.0738
"153619",Vochysiaceae,Qualea,rosea,285591.850558325,581572.95645,"153634",15.6,"84",Sapotaceae,,bangii,285592.9912222,581575.0738
"153620",Rubiaceae,Faramea,paniculata,285590.5554792,581572.0482,"153634",15.6,"84",Sapotaceae,,bangii,285592.9912222,581575.0738
"153621",Rubiaceae,Duroia,genipoides,285590.5359805,581572.46075,"153634",15.6,"84",Sapotaceae,,bangii,285592.9912222,581575.0738
"153622",Rubiaceae,Duroia,genipoides,285591.2841656,581573.1017,"153634",15.6,"84",Sapotaceae,,bangii,285592.9912222,581575.0738
"153623",Chrysobalanaceae,Couepia,guianensis,285590.438496,581574.5235,"153634",15.6,"84",Sapotaceae,,bangii,285592.9912222,581575.0738
"153624",Sapindaceae,Talisia,sylvatica,285591.24442325,581574.97245,"153634",15.6,"84",Sapotaceae,,bangii,285592.9912222,581575.0738
"153625",Clusiaceae,Garcinia,madruno,285590.466604575,581575.47315,"153634",15.6,"84",Sapotaceae,,bangii,285592.9912222,581575.0738
"153626",Chrysobalanaceae,Couepia,guianensis,285590.408876525,581575.66515,"153634",15.6,"84",Sapotaceae,,bangii,285592.9912222,581575.0738
"153627",Ochnaceae,Lacunaria,jenmanii,285593.2033736,581573.6727,"153634",15.6,"84",Sapotaceae,,bangii,285592.9912222,581575.0738
"153628",Sapindaceae,Talisia,megaphylla,285592.2321626,581576.2076,"153634",15.6,"84",Sapotaceae,,bangii,285592.9912222,581575.0738
"153629",Sapotaceae,Pouteria,singularis,285592.905375525,581574.31615,"153634",15.6,"84",Sapotaceae,,bangii,285592.9912222,581575.0738
"153632",Moraceae,Naucleopsis,guianensis,285589.97742435,581575.01385,"153634",15.6,"84",Sapotaceae,,bangii,285592.9912222,581575.0738
"153633",Rubiaceae,Duroia,eriopila,285592.5410225,581573.7894,"153634",15.6,"84",Sapotaceae,,bangii,285592.9912222,581575.0738
"153634",Sapotaceae,Pouteria,bangii,285592.9912222,581575.0738,"153634",15.6,"84",Sapotaceae,,bangii,285592.9912222,581575.0738
"153635",Arecaceae,Oenocarpus,bataua,285592.022235625,581574.47175,"153634",15.6,"84",Sapotaceae,,bangii,285592.9912222,581575.0738
"153636",Chrysobalanaceae,Licania,membranacea,285593.930625,581576.8175,"153634",15.6,"84",Sapotaceae,,bangii,285592.9912222,581575.0738
"153637",Meliaceae,Guarea,costata,285594.7372864,581576.2208,"153634",15.6,"84",Sapotaceae,,bangii,285592.9912222,581575.0738
"153637",Meliaceae,Guarea,costata,285594.7372864,581576.2208,"153634",15.6,"84",Sapotaceae,,bangii,285592.9912222,581575.0738
"153638",Sapotaceae,Pouteria,bangii,285594.862109025,581576.15335,"153634",15.6,"84",Sapotaceae,,bangii,285592.9912222,581575.0738
"153641",Metteniusaceae,Poraqueiba,guianensis,285597.4631666,581576.1951,"153634",15.6,"84",Sapotaceae,,bangii,285592.9912222,581575.0738
"153642",Siparunaceae,Siparuna,cuspidata,285596.9444101,581576.87745,"153634",15.6,"84",Sapotaceae,,bangii,285592.9912222,581575.0738
"153653",Annonaceae,Xylopia,nitida,285594.787086225,581573.62095,"153634",15.6,"84",Sapotaceae,,bangii,285592.9912222,581575.0738
"153654",Apocynaceae,Couma,guianensis,285594.634139125,581572.73875,"153634",15.6,"84",Sapotaceae,,bangii,285592.9912222,581575.0738
"153656",Chrysobalanaceae,Licania,canescens,285594.0490096,581572.2509,"153634",15.6,"84",Sapotaceae,,bangii,285592.9912222,581575.0738
"153658",Chrysobalanaceae,Gaulettia,parillo,285595.30732955,581570.8473,"153634",15.6,"84",Sapotaceae,,bangii,285592.9912222,581575.0738
"153661",Apocynaceae,Tabernaemontana,macrocalyx,285593.326719825,581575.69655,"153634",15.6,"84",Sapotaceae,,bangii,285592.9912222,581575.0738
"153674",Meliaceae,Guarea,costata,285595.086552,581570.8862,"153634",15.6,"84",Sapotaceae,,bangii,285592.9912222,581575.0738
"153678",Burseraceae,Protium,opacum,285594.318888,581570.6578,"153634",15.6,"84",Sapotaceae,,bangii,285592.9912222,581575.0738
"153684",Urticaceae,Cecropia,obtusa,285590.0749111,581572.9511,"153634",15.6,"84",Sapotaceae,,bangii,285592.9912222,581575.0738
"153689",Meliaceae,Guarea,costata,285589.18010075,581575.9271,"153634",15.6,"84",Sapotaceae,,bangii,285592.9912222,581575.0738
"153690",Metteniusaceae,Poraqueiba,guianensis,285589.255812475,581577.41385,"153634",15.6,"84",Sapotaceae,,bangii,285592.9912222,581575.0738
"153691",Sapotaceae,Pouteria,jariensis,285591.36775755,581576.9963,"153634",15.6,"84",Sapotaceae,,bangii,285592.9912222,581575.0738
"153692",Myristicaceae,Iryanthera,sagotiana,285593.4313288,581577.0873,"153634",15.6,"84",Sapotaceae,,bangii,285592.9912222,581575.0738
"153693",Lauraceae,Aniba,taubertiana,285593.27764275,581577.25075,"153634",15.6,"84",Sapotaceae,,bangii,285592.9912222,581575.0738
"153694",Clusiaceae,Tovomita,obovata,285591.7992236,581577.6476,"153634",15.6,"84",Sapotaceae,,bangii,285592.9912222,581575.0738
"153697",Annonaceae,Fusaea,longifolia,285590.62817085,581577.71755,"153634",15.6,"84",Sapotaceae,,bangii,285592.9912222,581575.0738
"153698",Olacaceae,Chaunochiton,kappleri,285591.35690795,581578.77105,"153634",15.6,"84",Sapotaceae,,bangii,285592.9912222,581575.0738
"153699",Lecythidaceae,Lecythis,persistens,285590.7998723,581579.23285,"153634",15.6,"84",Sapotaceae,,bangii,285592.9912222,581575.0738
"153700",Sapindaceae,Talisia,hexaphylla,285589.75437625,581578.1897,"153634",15.6,"84",Sapotaceae,,bangii,285592.9912222,581575.0738
"153701",Violaceae,Paypayrola,hulkiana,285589.75437625,581578.1897,"153634",15.6,"84",Sapotaceae,,bangii,285592.9912222,581575.0738
"153702",Lauraceae,Ocotea,percurrens,285591.31793665,581579.59615,"153634",15.6,"84",Sapotaceae,,bangii,285592.9912222,581575.0738
"153703",Vochysiaceae,Ruizterania,albiflora,285591.50986675,581579.65325,"153634",15.6,"84",Sapotaceae,,bangii,285592.9912222,581575.0738
"153708",Ochnaceae,Lacunaria,jenmanii,285592.5662049,581578.92165,"153634",15.6,"84",Sapotaceae,,bangii,285592.9912222,581575.0738
"153709",Meliaceae,Guarea,costata,285592.844718375,581578.69075,"153634",15.6,"84",Sapotaceae,,bangii,285592.9912222,581575.0738
"153709",Meliaceae,Guarea,costata,285592.844718375,581578.69075,"153634",15.6,"84",Sapotaceae,,bangii,285592.9912222,581575.0738
"153710",Malvaceae,Theobroma,guianense,285593.0265454,581579.47695,"153634",15.6,"84",Sapotaceae,,bangii,285592.9912222,581575.0738
"153711",Annonaceae,Fusaea,longifolia,285592.7574124,581580.0244,"153634",15.6,"84",Sapotaceae,,bangii,285592.9912222,581575.0738
"153737",Fabaceae,Swartzia,panacoco,285596.722923,581577.962,"153634",15.6,"84",Sapotaceae,,bangii,285592.9912222,581575.0738
"153738",Sapindaceae,Talisia,furfuracea,285596.7900268,581578.08655,"153634",15.6,"84",Sapotaceae,,bangii,285592.9912222,581575.0738
"153739",Fabaceae,Tachigali,melinonii,285595.7820636,581578.3096,"153634",15.6,"84",Sapotaceae,,bangii,285592.9912222,581575.0738
"153740",Meliaceae,Guarea,pubescens,285595.110321375,581578.10975,"153634",15.6,"84",Sapotaceae,,bangii,285592.9912222,581575.0738
"153741",Bignoniaceae,Jacaranda,copaia,285594.717087,581577.679,"153634",15.6,"84",Sapotaceae,,bangii,285592.9912222,581575.0738
"153744",Annonaceae,Oxandra,asbeckii,285592.72999725,581578.0291,"153634",15.6,"84",Sapotaceae,,bangii,285592.9912222,581575.0738
"191437",Annonaceae,Oxandra,asbeckii,285501.1082226,581405.4574,"191464",19.2,"78",Rubiaceae,,aquatica,285502.000674,581410.1175
"191439",Chrysobalanaceae,Hirtella,racemosa,285499.82204285,581405.91135,"191464",19.2,"78",Rubiaceae,,aquatica,285502.000674,581410.1175
"191440",Peraceae,Chaetocarpus,schomburgkianus,285499.102051675,581406.22005,"191464",19.2,"78",Rubiaceae,,aquatica,285502.000674,581410.1175
"191441",Peraceae,Chaetocarpus,schomburgkianus,285499.102051675,581406.22005,"191464",19.2,"78",Rubiaceae,,aquatica,285502.000674,581410.1175
"191444",Sapotaceae,Pouteria,gongrijpii,285499.0730855,581406.31605,"191464",19.2,"78",Rubiaceae,,aquatica,285502.000674,581410.1175
"191445",Annonaceae,Oxandra,asbeckii,285499.2806586,581408.0519,"191464",19.2,"78",Rubiaceae,,aquatica,285502.000674,581410.1175
"191446",Lecythidaceae,Eschweilera,sagotiana,285498.736532875,581406.73895,"191464",19.2,"78",Rubiaceae,,aquatica,285502.000674,581410.1175
"191458",Cordiaceae,Cordia,sprucei,285498.6903135,581410.701,"191464",19.2,"78",Rubiaceae,,aquatica,285502.000674,581410.1175
"191459",Annonaceae,Guatteria,guianensis,285499.066865,581409.453,"191464",19.2,"78",Rubiaceae,,aquatica,285502.000674,581410.1175
"191460",Annonaceae,Oxandra,asbeckii,285499.4461975,581411.6585,"191464",19.2,"78",Rubiaceae,,aquatica,285502.000674,581410.1175
"191461",Myrtaceae,Myrcia,multiflora,285500.01858715,581408.3763,"191464",19.2,"78",Rubiaceae,,aquatica,285502.000674,581410.1175
"191462",Vochysiaceae,Qualea,rosea,285500.01858715,581408.3763,"191464",19.2,"78",Rubiaceae,,aquatica,285502.000674,581410.1175
"191463",Annonaceae,Duguetia,calycina,285501.48627295,581413.2077,"191464",19.2,"78",Rubiaceae,,aquatica,285502.000674,581410.1175
"191464",Rubiaceae,Duroia,aquatica,285502.000674,581410.1175,"191464",19.2,"78",Rubiaceae,,aquatica,285502.000674,581410.1175
"191465",Lecythidaceae,Eschweilera,congestiflora,285502.2723632,581408.5244,"191464",19.2,"78",Rubiaceae,,aquatica,285502.000674,581410.1175
"191466",Chrysobalanaceae,Licania,membranacea,285502.05167685,581408.5633,"191464",19.2,"78",Rubiaceae,,aquatica,285502.000674,581410.1175
"191467",Clusiaceae,Tovomita,"sp,9 CAY-ATDN",285502.0806404,581408.4673,"191464",19.2,"78",Rubiaceae,,aquatica,285502.000674,581410.1175
"191470",Sapotaceae,Chrysophyllum,"aff,pommiferum",285502.89853475,581407.1415,"191464",19.2,"78",Rubiaceae,,aquatica,285502.000674,581410.1175
"191471",Annonaceae,Oxandra,asbeckii,285502.39356383,581405.42171,"191464",19.2,"78",Rubiaceae,,aquatica,285502.000674,581410.1175
"191479",Chrysobalanaceae,Couepia,caryophylloides,285498.90410515,581409.2999,"191464",19.2,"78",Rubiaceae,,aquatica,285502.000674,581410.1175
"191480",Fabaceae,Tachigali,paraensis,285498.6475562,581408.0726,"191464",19.2,"78",Rubiaceae,,aquatica,285502.000674,581410.1175
"191481",Anacardiaceae,Thyrsodium,guianense,285500.89650325,581405.81285,"191464",19.2,"78",Rubiaceae,,aquatica,285502.000674,581410.1175
"191482",Linaceae,Hebepetalum,humiriifolium,285503.58057625,581406.61225,"191464",19.2,"78",Rubiaceae,,aquatica,285502.000674,581410.1175
"191483",Chrysobalanaceae,Licania,membranacea,285498.782060075,581412.82085,"191464",19.2,"78",Rubiaceae,,aquatica,285502.000674,581410.1175
"191673",Chrysobalanaceae,Licania,alba,285484.551967375,581469.68425,"191868",19.8,"75",Vochysiaceae,,rosea,285485.4655275,581473.9318
"191674",Annonaceae,Duguetia,calycina,285483.994552225,581470.14605,"191868",19.8,"75",Vochysiaceae,,rosea,285485.4655275,581473.9318
"191736",Rubiaceae,Palicourea,quadrifolia,285481.48755635,581476.7233,"191868",19.8,"75",Vochysiaceae,,rosea,285485.4655275,581473.9318
"191743",Chrysobalanaceae,Couepia,guianensis,285482.346112703,581474.258705,"191868",19.8,"75",Vochysiaceae,,rosea,285485.4655275,581473.9318
"191744",Annonaceae,Anaxagorea,acuminata,285484.07575,581472.995,"191868",19.8,"75",Vochysiaceae,,rosea,285485.4655275,581473.9318
"191745",Lauraceae,Ocotea,nigra,285484.133675,581472.803,"191868",19.8,"75",Vochysiaceae,,rosea,285485.4655275,581473.9318
"191746",Chrysobalanaceae,Licania,alba,285481.73818613,581470.83447,"191868",19.8,"75",Vochysiaceae,,rosea,285485.4655275,581473.9318
"191749",Euphorbiaceae,Sagotia,racemosa,285481.4161396,581473.77264,"191868",19.8,"75",Vochysiaceae,,rosea,285485.4655275,581473.9318
"191863",Fabaceae,Inga,stipularis,285485.105587875,581471.31375,"191868",19.8,"75",Vochysiaceae,,rosea,285485.4655275,581473.9318
"191864",Annonaceae,Oxandra,asbeckii,285485.133604938,581471.740575,"191868",19.8,"75",Vochysiaceae,,rosea,285485.4655275,581473.9318
"191865",Lecythidaceae,Lecythis,holcogyne,285485.948843125,581471.98325,"191868",19.8,"75",Vochysiaceae,,rosea,285485.4655275,581473.9318
"191866",Clusiaceae,Tovomita,longifolia,285485.757022375,581471.92615,"191868",19.8,"75",Vochysiaceae,,rosea,285485.4655275,581473.9318
"191867",Clusiaceae,Garcinia,benthamiana,285484.8629784,581472.81085,"191868",19.8,"75",Vochysiaceae,,rosea,285485.4655275,581473.9318
"191868",Vochysiaceae,Qualea,rosea,285485.4655275,581473.9318,"191868",19.8,"75",Vochysiaceae,,rosea,285485.4655275,581473.9318
"191869",Lecythidaceae,Eschweilera,pedicellata,285486.2798435,581474.6973,"191868",19.8,"75",Vochysiaceae,,rosea,285485.4655275,581473.9318
"191870",Euphorbiaceae,Sagotia,racemosa,285484.34693735,581476.9467,"191868",19.8,"75",Vochysiaceae,,rosea,285485.4655275,581473.9318
"191871",Euphorbiaceae,Sagotia,racemosa,285484.37402915,581477.89635,"191868",19.8,"75",Vochysiaceae,,rosea,285485.4655275,581473.9318
"191872",Annonaceae,Anaxagorea,acuminata,285484.5116768,581476.05415,"191868",19.8,"75",Vochysiaceae,,rosea,285485.4655275,581473.9318
"191882",Annonaceae,Oxandra,asbeckii,285487.685862275,581477.31285,"191868",19.8,"75",Vochysiaceae,,rosea,285485.4655275,581473.9318
"191891",Annonaceae,Anaxagorea,dolichocarpa,285490.0820254,581473.52745,"191868",19.8,"75",Vochysiaceae,,rosea,285485.4655275,581473.9318
"191892",Lecythidaceae,Eschweilera,sagotiana,285489.785258125,581473.12525,"191868",19.8,"75",Vochysiaceae,,rosea,285485.4655275,581473.9318
"191893",Euphorbiaceae,Sagotia,racemosa,285489.901091625,581472.74125,"191868",19.8,"75",Vochysiaceae,,rosea,285485.4655275,581473.9318
"191894",Chrysobalanaceae,Hymenopus,heteromorphus,285489.517451325,581472.62705,"191868",19.8,"75",Vochysiaceae,,rosea,285485.4655275,581473.9318
"191895",Clusiaceae,Symphonia,"sp,1",285488.5275296,581473.4832,"191868",19.8,"75",Vochysiaceae,,rosea,285485.4655275,581473.9318
"191896",Annonaceae,Oxandra,asbeckii,285488.728385375,581473.85685,"191868",19.8,"75",Vochysiaceae,,rosea,285485.4655275,581473.9318
"191897",Annonaceae,Anaxagorea,dolichocarpa,285487.863324375,581474.64555,"191868",19.8,"75",Vochysiaceae,,rosea,285485.4655275,581473.9318
"191898",Malvaceae,Eriotheca,longitubulosa,285488.688537025,581474.68195,"191868",19.8,"75",Vochysiaceae,,rosea,285485.4655275,581473.9318
"191899",Lecythidaceae,Eschweilera,sagotiana,285487.71852725,581475.12555,"191868",19.8,"75",Vochysiaceae,,rosea,285485.4655275,581473.9318
"191900",Annonaceae,Anaxagorea,dolichocarpa,285489.3870316,581475.83145,"191868",19.8,"75",Vochysiaceae,,rosea,285485.4655275,581473.9318
"191902",Violaceae,Leonia,glycycarpa,285489.434066775,581476.36855,"191868",19.8,"75",Vochysiaceae,,rosea,285485.4655275,581473.9318
"191903",Peraceae,Pogonophora,schomburgkiana,285489.235049,581474.94925,"191868",19.8,"75",Vochysiaceae,,rosea,285485.4655275,581473.9318
"191904",Chrysobalanaceae,Hymenopus,heteromorphus,285486.6454304,581474.1784,"191868",19.8,"75",Vochysiaceae,,rosea,285485.4655275,581473.9318
"191925",Lecythidaceae,Gustavia,hexapetala,285487.335211275,581469.46655,"191868",19.8,"75",Vochysiaceae,,rosea,285485.4655275,581473.9318
"191926",Annonaceae,Duguetia,calycina,285487.277289425,581469.65855,"191868",19.8,"75",Vochysiaceae,,rosea,285485.4655275,581473.9318
"191928",Annonaceae,Anaxagorea,acuminata,285486.20047015,581470.8027,"191868",19.8,"75",Vochysiaceae,,rosea,285485.4655275,581473.9318
"191929",Annonaceae,Anaxagorea,acuminata,285488.252559,581471.6228,"191868",19.8,"75",Vochysiaceae,,rosea,285485.4655275,581473.9318
"191931",Sapotaceae,Pouteria,singularis,285489.7780794,581471.76305,"191868",19.8,"75",Vochysiaceae,,rosea,285485.4655275,581473.9318
"191932",Sapotaceae,Chrysophyllum,"aff,pommiferum",285489.940939675,581471.91615,"191868",19.8,"75",Vochysiaceae,,rosea,285485.4655275,581473.9318
"192240",Apocynaceae,Couma,guianensis,285504.416396575,581405.91955,"191464",19.2,"78",Rubiaceae,,aquatica,285502.000674,581410.1175
"192243",Sapotaceae,Pouteria,torta,285504.6350335,581406.9263,"191464",19.2,"78",Rubiaceae,,aquatica,285502.000674,581410.1175
"192244",Myrtaceae,Myrcia,splendens,285506.137801875,581408.52475,"191464",19.2,"78",Rubiaceae,,aquatica,285502.000674,581410.1175
"192245",Rubiaceae,Posoqueria,latifolia,285506.2047019,581408.6493,"191464",19.2,"78",Rubiaceae,,aquatica,285502.000674,581410.1175
"192246",Sapotaceae,Pouteria,jariensis,285506.237141,581409.2344,"191464",19.2,"78",Rubiaceae,,aquatica,285502.000674,581410.1175
"192247",Annonaceae,Oxandra,asbeckii,285506.26060125,581409.50295,"191464",19.2,"78",Rubiaceae,,aquatica,285502.000674,581410.1175
"192248",Chrysobalanaceae,Couepia,caryophylloides,285503.8220634,581410.65995,"191464",19.2,"78",Rubiaceae,,aquatica,285502.000674,581410.1175
"192249",Malvaceae,Catostemma,fragrans,285502.84141595,581411.83265,"191464",19.2,"78",Rubiaceae,,aquatica,285502.000674,581410.1175
"192250",Chrysobalanaceae,Licania,alba,285502.84141595,581411.83265,"191464",19.2,"78",Rubiaceae,,aquatica,285502.000674,581410.1175
"192251",Sapotaceae,Chrysophyllum,sanguinolentum,285502.5717782,581412.3801,"191464",19.2,"78",Rubiaceae,,aquatica,285502.000674,581410.1175
"192274",Myristicaceae,Iryanthera,sagotiana,285504.61504535,581407.33885,"191464",19.2,"78",Rubiaceae,,aquatica,285502.000674,581410.1175
"193057",Lecythidaceae,Eschweilera,sagotiana,285519.5736672,581453.0141,"193668",19.6,"62",Rubiaceae,,genipoides,285524.3897194,581452.9834
"193058",Fabaceae,Vouacapoua,americana,285521.3865,581453.24,"193668",19.6,"62",Rubiaceae,,genipoides,285524.3897194,581452.9834
"193060",Fabaceae,Vouacapoua,americana,285520.5939287,581451.0163,"193668",19.6,"62",Rubiaceae,,genipoides,285524.3897194,581452.9834
"193061",Annonaceae,Oxandra,asbeckii,285520.2574468,581451.4392,"193668",19.6,"62",Rubiaceae,,genipoides,285524.3897194,581452.9834
"193097",Chrysobalanaceae,Hymenopus,heteromorphus,285522.74668,581448.728,"193668",19.6,"62",Rubiaceae,,genipoides,285524.3897194,581452.9834
"193253",Lecythidaceae,Lecythis,persistens,285530.6473,581422.52,"193468",19.1,"51",Clusiaceae,,obovata,285535.089592,581421.646
"193253",Lecythidaceae,Lecythis,persistens,285530.6473,581422.52,"193468",19.1,"51",Clusiaceae,,obovata,285535.089592,581421.646
"193306",Rubiaceae,Duroia,genipoides,285531.29664775,581418.63325,"193468",19.1,"51",Clusiaceae,,obovata,285535.089592,581421.646
"193306",Rubiaceae,Duroia,genipoides,285531.29664775,581418.63325,"193468",19.1,"51",Clusiaceae,,obovata,285535.089592,581421.646
"193458",Elaeocarpaceae,Sloanea,"sp,8 CAY-ATDN",285533.87768655,581418.0419,"193468",19.1,"51",Clusiaceae,,obovata,285535.089592,581421.646
"193458",Elaeocarpaceae,Sloanea,"sp,8 CAY-ATDN",285533.87768655,581418.0419,"193468",19.1,"51",Clusiaceae,,obovata,285535.089592,581421.646
"193459",Chrysobalanaceae,Licania,membranacea,285533.6063935,581419.635,"193468",19.1,"51",Clusiaceae,,obovata,285535.089592,581421.646
"193459",Chrysobalanaceae,Licania,membranacea,285533.6063935,581419.635,"193468",19.1,"51",Clusiaceae,,obovata,285535.089592,581421.646
"193460",Chrysobalanaceae,Hymenopus,heteromorphus,285533.48159225,581419.70245,"193468",19.1,"51",Clusiaceae,,obovata,285535.089592,581421.646
"193460",Chrysobalanaceae,Hymenopus,heteromorphus,285533.48159225,581419.70245,"193468",19.1,"51",Clusiaceae,,obovata,285535.089592,581421.646
"193461",Annonaceae,Oxandra,asbeckii,285532.3981626,581419.4844,"193468",19.1,"51",Clusiaceae,,obovata,285535.089592,581421.646
"193461",Annonaceae,Oxandra,asbeckii,285532.3981626,581419.4844,"193468",19.1,"51",Clusiaceae,,obovata,285535.089592,581421.646
"193462",Lecythidaceae,Eschweilera,sagotiana,285533.68236545,581420.0761,"193468",19.1,"51",Clusiaceae,,obovata,285535.089592,581421.646
"193462",Lecythidaceae,Eschweilera,sagotiana,285533.68236545,581420.0761,"193468",19.1,"51",Clusiaceae,,obovata,285535.089592,581421.646
"193463",Chrysobalanaceae,Hirtella,silicea,285533.403824,581420.307,"193468",19.1,"51",Clusiaceae,,obovata,285535.089592,581421.646
"193463",Chrysobalanaceae,Hirtella,silicea,285533.403824,581420.307,"193468",19.1,"51",Clusiaceae,,obovata,285535.089592,581421.646
"193464",Myrtaceae,Eugenia,coffeifolia,285533.2953274,581422.0532,"193468",19.1,"51",Clusiaceae,,obovata,285535.089592,581421.646
"193464",Myrtaceae,Eugenia,coffeifolia,285533.2953274,581422.0532,"193468",19.1,"51",Clusiaceae,,obovata,285535.089592,581421.646
"193465",Annonaceae,Duguetia,calycina,285533.199462925,581422.02465,"193468",19.1,"51",Clusiaceae,,obovata,285535.089592,581421.646
"193465",Annonaceae,Duguetia,calycina,285533.199462925,581422.02465,"193468",19.1,"51",Clusiaceae,,obovata,285535.089592,581421.646
"193466",Myrtaceae,Eugenia,coffeifolia,285534.70792065,581420.48615,"193468",19.1,"51",Clusiaceae,,obovata,285535.089592,581421.646
"193466",Myrtaceae,Eugenia,coffeifolia,285534.70792065,581420.48615,"193468",19.1,"51",Clusiaceae,,obovata,285535.089592,581421.646
"193467",Sapotaceae,Pouteria,melanopoda,285534.6120576,581420.4576,"193468",19.1,"51",Clusiaceae,,obovata,285535.089592,581421.646
"193467",Sapotaceae,Pouteria,melanopoda,285534.6120576,581420.4576,"193468",19.1,"51",Clusiaceae,,obovata,285535.089592,581421.646
"193468",Clusiaceae,Tovomita,obovata,285535.089592,581421.646,"193468",19.1,"51",Clusiaceae,,obovata,285535.089592,581421.646
"193468",Clusiaceae,Tovomita,obovata,285535.089592,581421.646,"193468",19.1,"51",Clusiaceae,,obovata,285535.089592,581421.646
"193468",Clusiaceae,Tovomita,obovata,285535.089592,581421.646,"193468",19.1,"51",Clusiaceae,,obovata,285535.089592,581421.646
"193468",Clusiaceae,Tovomita,obovata,285535.089592,581421.646,"193468",19.1,"51",Clusiaceae,,obovata,285535.089592,581421.646
"193469",Chrysobalanaceae,Couepia,guianensis,285535.8383941,581421.2413,"193468",19.1,"51",Clusiaceae,,obovata,285535.089592,581421.646
"193469",Chrysobalanaceae,Couepia,guianensis,285535.8383941,581421.2413,"193468",19.1,"51",Clusiaceae,,obovata,285535.089592,581421.646
"193470",Rubiaceae,Duroia,genipoides,285536.2761832,581423.2548,"193468",19.1,"51",Clusiaceae,,obovata,285535.089592,581421.646
"193470",Rubiaceae,Duroia,genipoides,285536.2761832,581423.2548,"193468",19.1,"51",Clusiaceae,,obovata,285535.089592,581421.646
"193471",Annonaceae,Oxandra,asbeckii,285537.533239725,581422.89685,"193468",19.1,"51",Clusiaceae,,obovata,285535.089592,581421.646
"193471",Annonaceae,Oxandra,asbeckii,285537.533239725,581422.89685,"193468",19.1,"51",Clusiaceae,,obovata,285535.089592,581421.646
"193472",Apocynaceae,Tabernaemontana,macrocalyx,285537.5712341,581423.1174,"193468",19.1,"51",Clusiaceae,,obovata,285535.089592,581421.646
"193472",Apocynaceae,Tabernaemontana,macrocalyx,285537.5712341,581423.1174,"193468",19.1,"51",Clusiaceae,,obovata,285535.089592,581421.646
"193473",Clusiaceae,Tovomita,"sp,2 CAY-ATDN",285538.361534225,581420.84195,"193468",19.1,"51",Clusiaceae,,obovata,285535.089592,581421.646
"193473",Clusiaceae,Tovomita,"sp,2 CAY-ATDN",285538.361534225,581420.84195,"193468",19.1,"51",Clusiaceae,,obovata,285535.089592,581421.646
"193474",Fabaceae,Bocoa,prouacensis,285538.878840625,581421.20525,"193468",19.1,"51",Clusiaceae,,obovata,285535.089592,581421.646
"193474",Fabaceae,Bocoa,prouacensis,285538.878840625,581421.20525,"193468",19.1,"51",Clusiaceae,,obovata,285535.089592,581421.646
"193476",Malvaceae,Catostemma,fragrans,285539.9423923,581421.83585,"193468",19.1,"51",Clusiaceae,,obovata,285535.089592,581421.646
"193476",Malvaceae,Catostemma,fragrans,285539.9423923,581421.83585,"193468",19.1,"51",Clusiaceae,,obovata,285535.089592,581421.646
"193477",Annonaceae,Oxandra,asbeckii,285539.61680825,581421.52965,"193468",19.1,"51",Clusiaceae,,obovata,285535.089592,581421.646
"193477",Annonaceae,Oxandra,asbeckii,285539.61680825,581421.52965,"193468",19.1,"51",Clusiaceae,,obovata,285535.089592,581421.646
"193478",Clusiaceae,Symphonia,"sp,1",285539.837467375,581421.49075,"193468",19.1,"51",Clusiaceae,,obovata,285535.089592,581421.646
"193478",Clusiaceae,Symphonia,"sp,1",285539.837467375,581421.49075,"193468",19.1,"51",Clusiaceae,,obovata,285535.089592,581421.646
"193483",Ochnaceae,Quiina,integrifolia,285538.229444,581419.5472,"193468",19.1,"51",Clusiaceae,,obovata,285535.089592,581421.646
"193483",Ochnaceae,Quiina,integrifolia,285538.229444,581419.5472,"193468",19.1,"51",Clusiaceae,,obovata,285535.089592,581421.646
"193501",Myristicaceae,Iryanthera,sagotiana,285531.687330275,581420.10965,"193468",19.1,"51",Clusiaceae,,obovata,285535.089592,581421.646
"193501",Myristicaceae,Iryanthera,sagotiana,285531.687330275,581420.10965,"193468",19.1,"51",Clusiaceae,,obovata,285535.089592,581421.646
"193504",Chrysobalanaceae,Licania,canescens,285531.705419375,581420.74275,"193468",19.1,"51",Clusiaceae,,obovata,285535.089592,581421.646
"193504",Chrysobalanaceae,Licania,canescens,285531.705419375,581420.74275,"193468",19.1,"51",Clusiaceae,,obovata,285535.089592,581421.646
"193505",Urticaceae,Pourouma,villosa,285532.664058125,581421.02825,"193468",19.1,"51",Clusiaceae,,obovata,285535.089592,581421.646
"193505",Urticaceae,Pourouma,villosa,285532.664058125,581421.02825,"193468",19.1,"51",Clusiaceae,,obovata,285535.089592,581421.646
"193506",Lecythidaceae,Eschweilera,coriacea,285534.81105295,581421.8769,"193468",19.1,"51",Clusiaceae,,obovata,285535.089592,581421.646
"193506",Lecythidaceae,Eschweilera,coriacea,285534.81105295,581421.8769,"193468",19.1,"51",Clusiaceae,,obovata,285535.089592,581421.646
"193507",Sapotaceae,Pouteria,torta,285536.538373575,581421.34515,"193468",19.1,"51",Clusiaceae,,obovata,285535.089592,581421.646
"193507",Sapotaceae,Pouteria,torta,285536.538373575,581421.34515,"193468",19.1,"51",Clusiaceae,,obovata,285535.089592,581421.646
"193509",Peraceae,Pogonophora,schomburgkiana,285533.810857375,581423.46215,"193468",19.1,"51",Clusiaceae,,obovata,285535.089592,581421.646
"193509",Peraceae,Pogonophora,schomburgkiana,285533.810857375,581423.46215,"193468",19.1,"51",Clusiaceae,,obovata,285535.089592,581421.646
"193510",Ochnaceae,Quiina,integrifolia,285533.1289652,581423.9914,"193468",19.1,"51",Clusiaceae,,obovata,285535.089592,581421.646
"193510",Ochnaceae,Quiina,integrifolia,285533.1289652,581423.9914,"193468",19.1,"51",Clusiaceae,,obovata,285535.089592,581421.646
"193538",Sapotaceae,Pouteria,"cf,speciosa",285533.71144125,581425.5249,"193468",19.1,"51",Clusiaceae,,obovata,285535.089592,581421.646
"193538",Sapotaceae,Pouteria,"cf,speciosa",285533.71144125,581425.5249,"193468",19.1,"51",Clusiaceae,,obovata,285535.089592,581421.646
"193539",Sapindaceae,Cupania,scrobiculata,285534.8653765,581423.7762,"193468",19.1,"51",Clusiaceae,,obovata,285535.089592,581421.646
"193539",Sapindaceae,Cupania,scrobiculata,285534.8653765,581423.7762,"193468",19.1,"51",Clusiaceae,,obovata,285535.089592,581421.646
"193540",Chrysobalanaceae,Licania,membranacea,285535.995883475,581424.53135,"193468",19.1,"51",Clusiaceae,,obovata,285535.089592,581421.646
"193540",Chrysobalanaceae,Licania,membranacea,285535.995883475,581424.53135,"193468",19.1,"51",Clusiaceae,,obovata,285535.089592,581421.646
"193541",Myristicaceae,Virola,michelii,285536.6777593,581424.0021,"193468",19.1,"51",Clusiaceae,,obovata,285535.089592,581421.646
"193541",Myristicaceae,Virola,michelii,285536.6777593,581424.0021,"193468",19.1,"51",Clusiaceae,,obovata,285535.089592,581421.646
"193542",Clusiaceae,Tovomita,obovata,285536.686818625,581424.31865,"193468",19.1,"51",Clusiaceae,,obovata,285535.089592,581421.646
"193542",Clusiaceae,Tovomita,obovata,285536.686818625,581424.31865,"193468",19.1,"51",Clusiaceae,,obovata,285535.089592,581421.646
"193543",Ochnaceae,Lacunaria,jenmanii,285537.569480325,581424.16305,"193468",19.1,"51",Clusiaceae,,obovata,285535.089592,581421.646
"193543",Ochnaceae,Lacunaria,jenmanii,285537.569480325,581424.16305,"193468",19.1,"51",Clusiaceae,,obovata,285535.089592,581421.646
"193544",Chrysobalanaceae,Hirtella,racemosa,285537.8173313,581425.0738,"193468",19.1,"51",Clusiaceae,,obovata,285535.089592,581421.646
"193544",Chrysobalanaceae,Hirtella,racemosa,285537.8173313,581425.0738,"193468",19.1,"51",Clusiaceae,,obovata,285535.089592,581421.646
"193545",Ochnaceae,Quiina,obovata,285535.475040425,581426.25935,"193468",19.1,"51",Clusiaceae,,obovata,285535.089592,581421.646
"193545",Ochnaceae,Quiina,obovata,285535.475040425,581426.25935,"193468",19.1,"51",Clusiaceae,,obovata,285535.089592,581421.646
"193546",Chrysobalanaceae,Hirtella,racemosa,285535.4841005,581426.5759,"193468",19.1,"51",Clusiaceae,,obovata,285535.089592,581421.646
"193546",Chrysobalanaceae,Hirtella,racemosa,285535.4841005,581426.5759,"193468",19.1,"51",Clusiaceae,,obovata,285535.089592,581421.646
"193559",Arecaceae,Oenocarpus,bataua,285532.8015955,581424.73085,"193468",19.1,"51",Clusiaceae,,obovata,285535.089592,581421.646
"193559",Arecaceae,Oenocarpus,bataua,285532.8015955,581424.73085,"193468",19.1,"51",Clusiaceae,,obovata,285535.089592,581421.646
"193631",Burseraceae,Dacryodes,nitens,285523.3565375,581451.21115,"193668",19.6,"62",Rubiaceae,,genipoides,285524.3897194,581452.9834
"193632",Sapindaceae,Talisia,guianensis,285524.575856975,581450.63265,"193668",19.6,"62",Rubiaceae,,genipoides,285524.3897194,581452.9834
"193633",Clusiaceae,Tovomita,"sp,9 CAY-ATDN",285526.02666315,581449.28615,"193668",19.6,"62",Rubiaceae,,genipoides,285524.3897194,581452.9834
"193636",Lecythidaceae,Eschweilera,sagotiana,285527.282251425,581449.97385,"193668",19.6,"62",Rubiaceae,,genipoides,285524.3897194,581452.9834
"193637",Celastraceae,Maytenus,oblongata,285528.06919565,581449.7897,"193668",19.6,"62",Rubiaceae,,genipoides,285524.3897194,581452.9834
"193638",Burseraceae,Dacryodes,nitens,285527.741821975,581450.52915,"193668",19.6,"62",Rubiaceae,,genipoides,285524.3897194,581452.9834
"193640",Sapotaceae,Pouteria,bangii,285527.0779925,581451.6915,"193668",19.6,"62",Rubiaceae,,genipoides,285524.3897194,581452.9834
"193660",Chrysobalanaceae,Licania,alba,285524.60479525,581450.53665,"193668",19.6,"62",Rubiaceae,,genipoides,285524.3897194,581452.9834
"193666",Annonaceae,Oxandra,asbeckii,285522.1264035,581452.51875,"193668",19.6,"62",Rubiaceae,,genipoides,285524.3897194,581452.9834
"193667",Sapindaceae,Talisia,guianensis,285524.822073425,581452.58905,"193668",19.6,"62",Rubiaceae,,genipoides,285524.3897194,581452.9834
"193668",Rubiaceae,Duroia,genipoides,285524.3897194,581452.9834,"193668",19.6,"62",Rubiaceae,,genipoides,285524.3897194,581452.9834
"193669",Clusiaceae,Symphonia,"sp,1",285526.441395,581453.8035,"193668",19.6,"62",Rubiaceae,,genipoides,285524.3897194,581452.9834
"193670",Fabaceae,Swartzia,guianensis,285525.7684747,581454.6493,"193668",19.6,"62",Rubiaceae,,genipoides,285524.3897194,581452.9834
"193671",Annonaceae,Oxandra,asbeckii,285525.412155625,581455.48475,"193668",19.6,"62",Rubiaceae,,genipoides,285524.3897194,581452.9834
"193672",Vochysiaceae,Qualea,rosea,285524.62517615,581455.6689,"193668",19.6,"62",Rubiaceae,,genipoides,285524.3897194,581452.9834
"193674",Lecythidaceae,Eschweilera,sagotiana,285523.24298665,581456.0943,"193668",19.6,"62",Rubiaceae,,genipoides,285524.3897194,581452.9834
"193675",Ochnaceae,Quiina,obovita,285523.990256375,581456.73525,"193668",19.6,"62",Rubiaceae,,genipoides,285524.3897194,581452.9834
"193676",Annonaceae,Oxandra,asbeckii,285522.86849875,581456.29665,"193668",19.6,"62",Rubiaceae,,genipoides,285524.3897194,581452.9834
"193677",Sapindaceae,Talisia,hexaphylla,285522.82877625,581457.12175,"193668",19.6,"62",Rubiaceae,,genipoides,285524.3897194,581452.9834
"193691",Sapotaceae,Pouteria,sagotiana,285524.6127031,581457.44365,"193668",19.6,"62",Rubiaceae,,genipoides,285524.3897194,581452.9834
"193716",Fabaceae,Swartzia,grandifolia,285524.6592349,581452.43595,"193668",19.6,"62",Rubiaceae,,genipoides,285524.3897194,581452.9834
"193717",Myristicaceae,Iryanthera,sagotiana,285522.4356706,581451.1462,"193668",19.6,"62",Rubiaceae,,genipoides,285524.3897194,581452.9834
"193718",Sapotaceae,Pradosia,cochlearia,285520.903590875,581455.18855,"193668",19.6,"62",Rubiaceae,,genipoides,285524.3897194,581452.9834
"193719",Rosaceae,Prunus,accumulans,285524.27793035,581456.8209,"193668",19.6,"62",Rubiaceae,,genipoides,285524.3897194,581452.9834
"200774",Annonaceae,Anaxagorea,dolichocarpa,285547.6982743,581490.7724,"200797",20.9,"40",Myristicaceae,,hostmannii,285549.49909945,581494.5094
"200775",Annonaceae,Oxandra,asbeckii,285547.657400387,581492.64315,"200797",20.9,"40",Myristicaceae,,hostmannii,285549.49909945,581494.5094
"200776",Sapotaceae,Pouteria,coriacea,285547.46846763,581492.57645,"200797",20.9,"40",Myristicaceae,,hostmannii,285549.49909945,581494.5094
"200777",Peraceae,Chaetocarpus,schomburgkianus,285546.741650275,581492.21365,"200797",20.9,"40",Myristicaceae,,hostmannii,285549.49909945,581494.5094
"200778",Sapindaceae,Talisia,praealta,285546.44813184,581492.1472,"200797",20.9,"40",Myristicaceae,,hostmannii,285549.49909945,581494.5094
"200779",Annonaceae,Oxandra,asbeckii,285545.50057838,581491.8233,"200797",20.9,"40",Myristicaceae,,hostmannii,285549.49909945,581494.5094
"200780",Annonaceae,Oxandra,asbeckii,285545.711237862,581492.85885,"200797",20.9,"40",Myristicaceae,,hostmannii,285549.49909945,581494.5094
"200783",Salicaceae,Ryania,speciosa,285545.994686785,581493.99975,"200797",20.9,"40",Myristicaceae,,hostmannii,285549.49909945,581494.5094
"200784",Clusiaceae,Symphonia,"sp,1",285546.415428,581493.6438,"200797",20.9,"40",Myristicaceae,,hostmannii,285549.49909945,581494.5094
"200785",Clusiaceae,Symphonia,"sp,1",285546.615927945,581493.6721,"200797",20.9,"40",Myristicaceae,,hostmannii,285549.49909945,581494.5094
"200786",Lecythidaceae,Lecythis,persistens,285545.493483773,581494.96985,"200797",20.9,"40",Myristicaceae,,hostmannii,285549.49909945,581494.5094
"200787",Clusiaceae,Tovomita,obovata,285546.03088111,581494.9206,"200797",20.9,"40",Myristicaceae,,hostmannii,285549.49909945,581494.5094
"200789",Clusiaceae,Tovomita,longifolia,285546.580845437,581495.52365,"200797",20.9,"40",Myristicaceae,,hostmannii,285549.49909945,581494.5094
"200790",Clusiaceae,Tovomita,"sp,11 CAY-ATDN",285547.38436891,581496.6729,"200797",20.9,"40",Myristicaceae,,hostmannii,285549.49909945,581494.5094
"200791",Salicaceae,Casearia,"sp,B CAY-ATDN",285545.954318358,581496.21585,"200797",20.9,"40",Myristicaceae,,hostmannii,285549.49909945,581494.5094
"200792",Malvaceae,Apeiba,prelevee,285547.7370947,581495.5017,"200797",20.9,"40",Myristicaceae,,hostmannii,285549.49909945,581494.5094
"200793",Chrysobalanaceae,Licania,alba,285550.33391543,581495.2077,"200797",20.9,"40",Myristicaceae,,hostmannii,285549.49909945,581494.5094
"200794",Clusiaceae,Garcinia,benthamiana,285548.99691168,581494.7888,"200797",20.9,"40",Myristicaceae,,hostmannii,285549.49909945,581494.5094
"200795",Annonaceae,Annona,foetida,285549.01136728,581494.7408,"200797",20.9,"40",Myristicaceae,,hostmannii,285549.49909945,581494.5094
"200796",Annonaceae,Cymbopetalum,brasiliense,285548.956436,581494.9232,"200797",20.9,"40",Myristicaceae,,hostmannii,285549.49909945,581494.5094
"200797",Myristicaceae,Iryanthera,hostmannii,285549.49909945,581494.5094,"200797",20.9,"40",Myristicaceae,,hostmannii,285549.49909945,581494.5094
"200798",Olacaceae,Heisteria,obovata,285548.72550867,581493.95485,"200797",20.9,"40",Myristicaceae,,hostmannii,285549.49909945,581494.5094
"200799",Cordiaceae,Cordia,nodosa,285550.878444,581494.0936,"200797",20.9,"40",Myristicaceae,,hostmannii,285549.49909945,581494.5094
"200800",Olacaceae,Heisteria,obovata,285550.91211843,581493.2877,"200797",20.9,"40",Myristicaceae,,hostmannii,285549.49909945,581494.5094
"200802",Clusiaceae,Tovomita,"sp,2 CAY-ATDN",285549.645027438,581492.98375,"200797",20.9,"40",Myristicaceae,,hostmannii,285549.49909945,581494.5094
"200803",Annonaceae,Unonopsis,rufescens,285548.2152936,581496.6901,"200797",20.9,"40",Myristicaceae,,hostmannii,285549.49909945,581494.5094
"200804",Burseraceae,Dacryodes,nitens,285547.927042845,581496.2591,"200797",20.9,"40",Myristicaceae,,hostmannii,285549.49909945,581494.5094
"200805",Clusiaceae,Tovomita,"sp,2 CAY-ATDN",285549.36287008,581496.69695,"200797",20.9,"40",Myristicaceae,,hostmannii,285549.49909945,581494.5094
"200806",Clusiaceae,Tovomita,"sp,5 CAY-ATDN",285548.306951195,581497.7739,"200797",20.9,"40",Myristicaceae,,hostmannii,285549.49909945,581494.5094
"200811",Sapindaceae,Talisia,guianensis,285548.9147,581490.2035,"200797",20.9,"40",Myristicaceae,,hostmannii,285549.49909945,581494.5094
"200812",Melastomataceae,Henriettea,flavescens,285548.30218819,581498.4838,"200797",20.9,"40",Myristicaceae,,hostmannii,285549.49909945,581494.5094
"200844",Metteniusaceae,Poraqueiba,guianensis,285550.707365435,581494.31465,"200797",20.9,"40",Myristicaceae,,hostmannii,285549.49909945,581494.5094
"200847",Lecythidaceae,Couratari,guianensis,285548.37907545,581495.4522,"200797",20.9,"40",Myristicaceae,,hostmannii,285549.49909945,581494.5094
"200848",Annonaceae,Oxandra,asbeckii,285545.5769423,581496.4278,"200797",20.9,"40",Myristicaceae,,hostmannii,285549.49909945,581494.5094
"200877",Chrysobalanaceae,Hymenopus,heteromorphus,285548.9147,581490.2035,"200797",20.9,"40",Myristicaceae,,hostmannii,285549.49909945,581494.5094
"200878",Meliaceae,Trichilia,schomburgkii,285548.61779765,581489.8013,"200797",20.9,"40",Myristicaceae,,hostmannii,285549.49909945,581494.5094
"200879",Rubiaceae,Isertia,spiciformis,285549.50072365,581489.6457,"200797",20.9,"40",Myristicaceae,,hostmannii,285549.49909945,581494.5094
"200883",Melastomataceae,Mouriri,crassifolia,285550.0761805,581489.817,"200797",20.9,"40",Myristicaceae,,hostmannii,285549.49909945,581494.5094
"200885",Vochysiaceae,Qualea,rosea,285550.7278127,581490.4294,"200797",20.9,"40",Myristicaceae,,hostmannii,285549.49909945,581494.5094
"200886",Clusiaceae,Tovomita,"sp,11 CAY-ATDN",285551.611237833,581490.61915,"200797",20.9,"40",Myristicaceae,,hostmannii,285549.49909945,581494.5094
"200887",Chrysobalanaceae,Licania,membranacea,285551.599673743,581490.65755,"200797",20.9,"40",Myristicaceae,,hostmannii,285549.49909945,581494.5094
"200943",Fabaceae,Vouacapoua,americana,285546.369279725,581495.8791,"200797",20.9,"40",Myristicaceae,,hostmannii,285549.49909945,581494.5094
"201258",Annonaceae,Oxandra,asbeckii,285561.756395,581431.26165,"201381",20.3,"60",Sapotaceae,,singularis,285565.376524175,581428.25995
"201297",Lecythidaceae,Couratari,multiflora,285566.5017125,581432.674875,"201381",20.3,"60",Sapotaceae,,singularis,285565.376524175,581428.25995
"201298",Cordiaceae,Cordia,sprucei,285566.0124952,581432.7384,"201381",20.3,"60",Sapotaceae,,singularis,285565.376524175,581428.25995
"201299",Sapotaceae,Pouteria,guianensis,285565.7629398,581432.8733,"201381",20.3,"60",Sapotaceae,,singularis,285565.376524175,581428.25995
"201306",Siparunaceae,Siparuna,cuspidata,285564.391912,581432.5696,"201381",20.3,"60",Sapotaceae,,singularis,285565.376524175,581428.25995
"201307",Clusiaceae,Tovomita,"sp,9 CAY-ATDN",285564.205514262,581432.14795,"201381",20.3,"60",Sapotaceae,,singularis,285565.376524175,581428.25995
"201308",Annonaceae,Oxandra,asbeckii,285562.638197438,581431.628875,"201381",20.3,"60",Sapotaceae,,singularis,285565.376524175,581428.25995
"201309",Clusiaceae,Tovomita,"sp,9 CAY-ATDN",285562.4076543,581431.87405,"201381",20.3,"60",Sapotaceae,,singularis,285565.376524175,581428.25995
"201313",Annonaceae,Oxandra,asbeckii,285563.9506227,581432.6474,"201381",20.3,"60",Sapotaceae,,singularis,285565.376524175,581428.25995
"201325",Sapindaceae,Talisia,mollis,285565.028247,581423.86715,"201381",20.3,"60",Sapotaceae,,singularis,285565.376524175,581428.25995
"201326",Cordiaceae,Cordia,nodosa,285563.34755075,581425.458825,"201381",20.3,"60",Sapotaceae,,singularis,285565.376524175,581428.25995
"201328",Chrysobalanaceae,Licania,membranacea,285563.383220425,581427.24785,"201381",20.3,"60",Sapotaceae,,singularis,285565.376524175,581428.25995
"201329",Sapindaceae,Talisia,guianensis,285564.2566575,581426.7757,"201381",20.3,"60",Sapotaceae,,singularis,285565.376524175,581428.25995
"201330",Myristicaceae,Iryanthera,sagotiana,285563.900561025,581427.61115,"201381",20.3,"60",Sapotaceae,,singularis,285565.376524175,581428.25995
"201331",Chrysobalanaceae,Leptobalanus,sprucei,285564.150114625,581427.47625,"201381",20.3,"60",Sapotaceae,,singularis,285565.376524175,581428.25995
"201332",Chrysobalanaceae,Hirtella,glandulosa,285563.62209165,581427.84205,"201381",20.3,"60",Sapotaceae,,singularis,285565.376524175,581428.25995
"201334",Moraceae,Trymatococcus,oligandrus,285561.9239127,581428.2778,"201381",20.3,"60",Sapotaceae,,singularis,285565.376524175,581428.25995
"201335",Moraceae,Trymatococcus,oligandrus,285562.8536254,581428.6593,"201381",20.3,"60",Sapotaceae,,singularis,285565.376524175,581428.25995
"201337",Salicaceae,Piparea,multiflora,285561.7595295,581429.17035,"201381",20.3,"60",Sapotaceae,,singularis,285565.376524175,581428.25995
"201338",Chrysobalanaceae,Couepia,guianensis,285561.23903745,581430.89835,"201381",20.3,"60",Sapotaceae,,singularis,285565.376524175,581428.25995
"201339",Apocynaceae,Tabernaemontana,attenuata,285561.54643145,581430.57145,"201381",20.3,"60",Sapotaceae,,singularis,285565.376524175,581428.25995
"201340",Meliaceae,Carapa,"sp,",285561.593580925,581431.10855,"201381",20.3,"60",Sapotaceae,,singularis,285565.376524175,581428.25995
"201341",Linaceae,Hebepetalum,humiriifolium,285562.80334825,581430.2135,"201381",20.3,"60",Sapotaceae,,singularis,285565.376524175,581428.25995
"201342",Cordiaceae,Cordia,sprucei,285563.933923475,581430.96865,"201381",20.3,"60",Sapotaceae,,singularis,285565.376524175,581428.25995
"201343",Peraceae,Pogonophora,schomburgkiana,285564.4072266,581428.70355,"201381",20.3,"60",Sapotaceae,,singularis,285565.376524175,581428.25995
"201344",Myristicaceae,Virola,michelii,285565.76754885,581429.73635,"201381",20.3,"60",Sapotaceae,,singularis,285565.376524175,581428.25995
"201345",Clusiaceae,Tovomita,longifolia,285565.83449875,581429.8609,"201381",20.3,"60",Sapotaceae,,singularis,285565.376524175,581428.25995
"201346",Lecythidaceae,Couratari,multiflora,285564.9397285,581431.79125,"201381",20.3,"60",Sapotaceae,,singularis,285565.376524175,581428.25995
"201347",Burseraceae,Protium,subserratum,285565.8983755,581432.07675,"201381",20.3,"60",Sapotaceae,,singularis,285565.376524175,581428.25995
"201348",Annonaceae,Unonopsis,rufescens,285566.697266875,581430.11785,"201381",20.3,"60",Sapotaceae,,singularis,285565.376524175,581428.25995
"201350",Linaceae,Hebepetalum,humiriifolium,285566.885934375,581432.26625,"201381",20.3,"60",Sapotaceae,,singularis,285565.376524175,581428.25995
"201351",Vochysiaceae,Qualea,rosea,285567.5813519,581428.9166,"201381",20.3,"60",Sapotaceae,,singularis,285565.376524175,581428.25995
"201352",Lecythidaceae,Lecythis,persistens,285568.9721145,581428.80775,"201381",20.3,"60",Sapotaceae,,singularis,285565.376524175,581428.25995
"201353",Annonaceae,Oxandra,asbeckii,285569.7664005,581429.9858,"201381",20.3,"60",Sapotaceae,,singularis,285565.376524175,581428.25995
"201356",Sapotaceae,Manilkara,bidentata,285569.977903775,581429.63035,"201381",20.3,"60",Sapotaceae,,singularis,285565.376524175,581428.25995
"201358",Rubiaceae,Posoqueria,latifolia,285568.234132625,581428.48335,"201381",20.3,"60",Sapotaceae,,singularis,285565.376524175,581428.25995
"201366",Lecythidaceae,Eschweilera,sagotiana,285569.3221147,581425.56445,"201381",20.3,"60",Sapotaceae,,singularis,285565.376524175,581428.25995
"201367",Lecythidaceae,Lecythis,persistens,285569.043660925,581425.79535,"201381",20.3,"60",Sapotaceae,,singularis,285565.376524175,581428.25995
"201371",Chrysobalanaceae,Licania,alba,285568.3041544,581426.5166,"201381",20.3,"60",Sapotaceae,,singularis,285565.376524175,581428.25995
"201374",Lecythidaceae,Eschweilera,congestiflora,285566.7521515,581425.4267,"201381",20.3,"60",Sapotaceae,,singularis,285565.376524175,581428.25995
"201375",Sapotaceae,Chrysophyllum,sanguinolentum,285565.0813762,581426.8121,"201381",20.3,"60",Sapotaceae,,singularis,285565.376524175,581428.25995
"201376",Fabaceae,Parkia,velutina,285566.1160556,581427.5387,"201381",20.3,"60",Sapotaceae,,singularis,285565.376524175,581428.25995
"201377",Rubiaceae,Duroia,longiflora,285566.815998325,581427.64255,"201381",20.3,"60",Sapotaceae,,singularis,285565.376524175,581428.25995
"201378",Myrtaceae,Myrcia,decorticans,285567.065546525,581427.50765,"201381",20.3,"60",Sapotaceae,,singularis,285565.376524175,581428.25995
"201379",Cordiaceae,Cordia,nodosa,285567.5966473,581425.05055,"201381",20.3,"60",Sapotaceae,,singularis,285565.376524175,581428.25995
"201380",Myrtaceae,Eugenia,cupulata,285565.4541455,581427.6554,"201381",20.3,"60",Sapotaceae,,singularis,285565.376524175,581428.25995
"201381",Sapotaceae,Pouteria,singularis,285565.376524175,581428.25995,"201381",20.3,"60",Sapotaceae,,singularis,285565.376524175,581428.25995
"201382",Annonaceae,Oxandra,asbeckii,285566.72925955,581427.93055,"201381",20.3,"60",Sapotaceae,,singularis,285565.376524175,581428.25995
"201383",Lecythidaceae,Eschweilera,congestiflora,285569.5138333,581425.62155,"201381",20.3,"60",Sapotaceae,,singularis,285565.376524175,581428.25995
"201387",Linaceae,Hebepetalum,humiriifolium,285567.966334225,581427.98515,"201381",20.3,"60",Sapotaceae,,singularis,285565.376524175,581428.25995
"201949",Myrtaceae,Eugenia,neograndifolia,285552.2846407,581492.2004,"200797",20.9,"40",Myristicaceae,,hostmannii,285549.49909945,581494.5094
"201950",Chrysobalanaceae,Licania,alba,285551.490990125,581493.79475,"200797",20.9,"40",Myristicaceae,,hostmannii,285549.49909945,581494.5094
"201950",Chrysobalanaceae,Licania,alba,285551.490990125,581493.79475,"200797",20.9,"40",Myristicaceae,,hostmannii,285549.49909945,581494.5094
"201951",Malvaceae,Theobroma,subincanum,285553.108389937,581493.28245,"200797",20.9,"40",Myristicaceae,,hostmannii,285549.49909945,581494.5094
"201953",Clusiaceae,Symphonia,"sp,1",285553.836912281,581493.813125,"200797",20.9,"40",Myristicaceae,,hostmannii,285549.49909945,581494.5094
"201954",Clusiaceae,Tovomita,"sp,9 CAY-ATDN",285551.5369115,581495.3775,"200797",20.9,"40",Myristicaceae,,hostmannii,285549.49909945,581494.5094
"201955",Chrysobalanaceae,Hymenopus,heteromorphus,285550.90497255,581494.35255,"200797",20.9,"40",Myristicaceae,,hostmannii,285549.49909945,581494.5094
"201956",Sapindaceae,Talisia,praealta,285550.717058038,581494.97655,"200797",20.9,"40",Myristicaceae,,hostmannii,285549.49909945,581494.5094
"201957",Fabaceae,Abarema,jupunba,285551.9967552,581495.9328,"200797",20.9,"40",Myristicaceae,,hostmannii,285549.49909945,581494.5094
"201958",Chrysobalanaceae,Licania,ovalifolia,285551.6991536,581496.053425,"200797",20.9,"40",Myristicaceae,,hostmannii,285549.49909945,581494.5094
"201959",Clusiaceae,Tovomita,obovata,285551.670244612,581496.149425,"200797",20.9,"40",Myristicaceae,,hostmannii,285549.49909945,581494.5094
"201960",Chrysobalanaceae,Hymenopus,heteromorphus,285551.166359762,581496.26095,"200797",20.9,"40",Myristicaceae,,hostmannii,285549.49909945,581494.5094
"201961",Sapotaceae,Pouteria,melanopoda,285550.8063443,581496.4153,"200797",20.9,"40",Myristicaceae,,hostmannii,285549.49909945,581494.5094
"201962",Lauraceae,Ocotea,percurrens,285552.6089931,581497.3703,"200797",20.9,"40",Myristicaceae,,hostmannii,285549.49909945,581494.5094
"201963",Burseraceae,Protium,opacum,285549.488386225,581499.05655,"200797",20.9,"40",Myristicaceae,,hostmannii,285549.49909945,581494.5094
"201964",Annonaceae,Anaxagorea,dolichocarpa,285550.301778838,581497.04965,"200797",20.9,"40",Myristicaceae,,hostmannii,285549.49909945,581494.5094
"201965",Clusiaceae,Symphonia,"sp,1",285552.7147663,581497.192575,"200797",20.9,"40",Myristicaceae,,hostmannii,285549.49909945,581494.5094
"201966",Vochysiaceae,Qualea,rosea,285550.869982,581499.153975,"200797",20.9,"40",Myristicaceae,,hostmannii,285549.49909945,581494.5094
"202012",Clusiaceae,Tovomita,longifolia,285553.225251,581495.67085,"200797",20.9,"40",Myristicaceae,,hostmannii,285549.49909945,581494.5094
"202022",Arecaceae,Oenocarpus,bataua,285551.20325405,581493.7091,"200797",20.9,"40",Myristicaceae,,hostmannii,285549.49909945,581494.5094
"203008",Lecythidaceae,Lecythis,persistens,285575.296208983,581507.06265,"203215",20.8,"70",Annonaceae,,asbeckii,285579.35406656,581505.0384
"203009",Annonaceae,Anaxagorea,dolichocarpa,285575.222830734,581507.480125,"203215",20.8,"70",Annonaceae,,asbeckii,285579.35406656,581505.0384
"203010",Annonaceae,Anaxagorea,dolichocarpa,285575.63307042,581506.9851,"203215",20.8,"70",Annonaceae,,asbeckii,285579.35406656,581505.0384
"203011",Chrysobalanaceae,Hirtella,glandulosa,285575.56720625,581507.55125,"203215",20.8,"70",Annonaceae,,asbeckii,285579.35406656,581505.0384
"203014",Chrysobalanaceae,Hirtella,tenuifolia,285577.26712244,581507.8062,"203215",20.8,"70",Annonaceae,,asbeckii,285579.35406656,581505.0384
"203015",Annonaceae,Anaxagorea,dolichocarpa,285577.05565317,581508.16165,"203215",20.8,"70",Annonaceae,,asbeckii,285579.35406656,581505.0384
"203016",Fabaceae,Inga,gracilifolia,285576.723984945,581507.87465,"203215",20.8,"70",Annonaceae,,asbeckii,285579.35406656,581505.0384
"203017",Celastraceae,Cheiloclinium,cognatum,285578.06099548,581506.5572,"203215",20.8,"70",Annonaceae,,asbeckii,285579.35406656,581505.0384
"203018",Annonaceae,Oxandra,asbeckii,285577.435808265,581506.20375,"203215",20.8,"70",Annonaceae,,asbeckii,285579.35406656,581505.0384
"203020",Sapindaceae,Talisia,hexaphylla,285575.41408225,581502.851,"203215",20.8,"70",Annonaceae,,asbeckii,285579.35406656,581505.0384
"203021",Annonaceae,Anaxagorea,dolichocarpa,285575.962985613,581502.76335,"203215",20.8,"70",Annonaceae,,asbeckii,285579.35406656,581505.0384
"203022",Burseraceae,Protium,sagotianum,285576.92096268,581503.226325,"203215",20.8,"70",Annonaceae,,asbeckii,285579.35406656,581505.0384
"203023",Annonaceae,Unonopsis,rufescens,285575.094562215,581502.87095,"203215",20.8,"70",Annonaceae,,asbeckii,285579.35406656,581505.0384
"203024",Clusiaceae,Symphonia,"sp,1",285577.616041925,581502.82655,"203215",20.8,"70",Annonaceae,,asbeckii,285579.35406656,581505.0384
"203025",Annonaceae,Oxandra,asbeckii,285577.8465747,581501.7132,"203215",20.8,"70",Annonaceae,,asbeckii,285579.35406656,581505.0384
"203026",Chrysobalanaceae,Licania,alba,285578.338850698,581502.50825,"203215",20.8,"70",Annonaceae,,asbeckii,285579.35406656,581505.0384
"203027",Chrysobalanaceae,Couepia,caryophylloides,285579.397945,581503.5034,"203215",20.8,"70",Annonaceae,,asbeckii,285579.35406656,581505.0384
"203028",Sapindaceae,Talisia,guianensis,285578.59364944,581502.0088,"203215",20.8,"70",Annonaceae,,asbeckii,285579.35406656,581505.0384
"203029",Annonaceae,Oxandra,asbeckii,285579.952585,581501.6602,"203215",20.8,"70",Annonaceae,,asbeckii,285579.35406656,581505.0384
"203030",Annonaceae,Oxandra,asbeckii,285580.160575,581500.969,"203215",20.8,"70",Annonaceae,,asbeckii,285579.35406656,581505.0384
"203031",Annonaceae,Oxandra,asbeckii,285579.790793675,581500.46145,"203215",20.8,"70",Annonaceae,,asbeckii,285579.35406656,581505.0384
"203045",Lecythidaceae,Lecythis,persistens,285574.848991052,581503.68695,"203215",20.8,"70",Annonaceae,,asbeckii,285579.35406656,581505.0384
"203202",Annonaceae,Anaxagorea,acuminata,285581.65931653,581500.8503,"203215",20.8,"70",Annonaceae,,asbeckii,285579.35406656,581505.0384
"203203",Chrysobalanaceae,Licania,canescens,285581.644873305,581500.8983,"203215",20.8,"70",Annonaceae,,asbeckii,285579.35406656,581505.0384
"203204",Vochysiaceae,Qualea,rosea,285582.460701855,581501.486325,"203215",20.8,"70",Annonaceae,,asbeckii,285579.35406656,581505.0384
"203208",Annonaceae,Anaxagorea,dolichocarpa,285583.642292754,581502.768975,"203215",20.8,"70",Annonaceae,,asbeckii,285579.35406656,581505.0384
"203209",Sapotaceae,Pouteria,gonggrijpii,285581.501076,581503.46,"203215",20.8,"70",Annonaceae,,asbeckii,285579.35406656,581505.0384
"203210",Annonaceae,Oxandra,asbeckii,285581.432899499,581503.512925,"203215",20.8,"70",Annonaceae,,asbeckii,285579.35406656,581505.0384
"203211",Clusiaceae,Tovomita,longifolia,285580.098204246,581502.739075,"203215",20.8,"70",Annonaceae,,asbeckii,285579.35406656,581505.0384
"203212",Clusiaceae,Tovomita,longifolia,285579.718630963,581504.17415,"203215",20.8,"70",Annonaceae,,asbeckii,285579.35406656,581505.0384
"203213",Sapindaceae,Talisia,megaphylla,285579.731923179,581504.303625,"203215",20.8,"70",Annonaceae,,asbeckii,285579.35406656,581505.0384
"203214",Burseraceae,Protium,sagotianum,285579.097515,581504.5018,"203215",20.8,"70",Annonaceae,,asbeckii,285579.35406656,581505.0384
"203215",Annonaceae,Oxandra,asbeckii,285579.35406656,581505.0384,"203215",20.8,"70",Annonaceae,,asbeckii,285579.35406656,581505.0384
"203217",Annonaceae,Oxandra,asbeckii,285580.228318077,581506.64795,"203215",20.8,"70",Annonaceae,,asbeckii,285579.35406656,581505.0384
"203218",Simaroubaceae,Homalolepis,cedron,285578.954298975,581507.40885,"203215",20.8,"70",Annonaceae,,asbeckii,285579.35406656,581505.0384
"203219",Annonaceae,Unonopsis,stipitata,285578.954298975,581507.40885,"203215",20.8,"70",Annonaceae,,asbeckii,285579.35406656,581505.0384
"203220",Annonaceae,Oxandra,asbeckii,285579.952750331,581507.737425,"203215",20.8,"70",Annonaceae,,asbeckii,285579.35406656,581505.0384
"203221",Annonaceae,Anaxagorea,dolichocarpa,285578.263841695,581507.9669,"203215",20.8,"70",Annonaceae,,asbeckii,285579.35406656,581505.0384
"203222",Burseraceae,Protium,subserratum,285578.40945512,581508.1776,"203215",20.8,"70",Annonaceae,,asbeckii,285579.35406656,581505.0384
"203223",Annonaceae,Oxandra,asbeckii,285578.40945512,581508.1776,"203215",20.8,"70",Annonaceae,,asbeckii,285579.35406656,581505.0384
"203224",Annonaceae,Oxandra,asbeckii,285581.59602186,581508.0069,"203215",20.8,"70",Annonaceae,,asbeckii,285579.35406656,581505.0384
"203256",Sapotaceae,Pouteria,ambelaniifolia,285582.69246574,581503.6682,"203215",20.8,"70",Annonaceae,,asbeckii,285579.35406656,581505.0384
"203257",Chrysobalanaceae,Licania,alba,285584.14907833,581504.3842,"203215",20.8,"70",Annonaceae,,asbeckii,285579.35406656,581505.0384
"203257",Chrysobalanaceae,Licania,alba,285584.115610375,581505.1901,"203215",20.8,"70",Annonaceae,,asbeckii,285579.35406656,581505.0384
"203257",Chrysobalanaceae,Licania,alba,285584.123678912,581504.81595,"203215",20.8,"70",Annonaceae,,asbeckii,285579.35406656,581505.0384
"203258",Fabaceae,Dicorynia,guianensis,285582.20490068,581505.63595,"203215",20.8,"70",Annonaceae,,asbeckii,285579.35406656,581505.0384
"203259",Annonaceae,Oxandra,asbeckii,285578.233832738,581509.10855,"203215",20.8,"70",Annonaceae,,asbeckii,285579.35406656,581505.0384
"203509",Melastomataceae,Mouriri,crassifolia,285604.033654725,581435.17045,"203517",20.2,"47",Lecythidaceae,,persistens,285601.305757,581438.855925
"203511",Clusiaceae,Tovomita,longifolia,285601.02265625,581435.1105,"203517",20.2,"47",Lecythidaceae,,persistens,285601.305757,581438.855925
"203512",Lecythidaceae,Eschweilera,sagotiana,285600.5052744,581434.7472,"203517",20.2,"47",Lecythidaceae,,persistens,285601.305757,581438.855925
"203513",Chrysobalanaceae,Hirtella,racemosa,285599.577574131,581436.615275,"203517",20.2,"47",Lecythidaceae,,persistens,285601.305757,581438.855925
"203514",Melastomataceae,Mouriri,crassifolia,285602.429749463,581437.203225,"203517",20.2,"47",Lecythidaceae,,persistens,285601.305757,581438.855925
"203515",Fabaceae,Inga,acreana,285601.509232362,581437.138275,"203517",20.2,"47",Lecythidaceae,,persistens,285601.305757,581438.855925
"203516",Myristicaceae,Virola,michelii,285601.302429,581437.652,"203517",20.2,"47",Lecythidaceae,,persistens,285601.305757,581438.855925
"203517",Lecythidaceae,Lecythis,persistens,285601.305757,581438.855925,"203517",20.2,"47",Lecythidaceae,,persistens,285601.305757,581438.855925
"203518",Ochnaceae,Lacunaria,jenmanii,285599.287411669,581438.620925,"203517",20.2,"47",Lecythidaceae,,persistens,285601.305757,581438.855925
"203519",Clusiaceae,Tovomita,longifolia,285600.31761175,581439.18925,"203517",20.2,"47",Lecythidaceae,,persistens,285601.305757,581438.855925
"203521",Myristicaceae,Virola,michelii,285600.143656537,581440.288075,"203517",20.2,"47",Lecythidaceae,,persistens,285601.305757,581438.855925
"203522",Peraceae,Pogonophora,schomburgkiana,285599.865908125,581439.99615,"203517",20.2,"47",Lecythidaceae,,persistens,285601.305757,581438.855925
"203523",Celastraceae,Salacia,cf,285600.277610862,581440.537175,"203517",20.2,"47",Lecythidaceae,,persistens,285601.305757,581438.855925
"203524",Clusiaceae,Tovomita,obovata,285599.269768425,581441.28305,"203517",20.2,"47",Lecythidaceae,,persistens,285601.305757,581438.855925
"203525",Myrtaceae,Eugenia,cupulata,285600.170638325,581441.76055,"203517",20.2,"47",Lecythidaceae,,persistens,285601.305757,581438.855925
"203526",Salicaceae,Casearia,"sp,1 CAY-ATDN",285604.22830175,581440.77235,"203517",20.2,"47",Lecythidaceae,,persistens,285601.305757,581438.855925
"203527",Myristicaceae,Virola,michelii,285604.2467288,581441.40545,"203517",20.2,"47",Lecythidaceae,,persistens,285601.305757,581438.855925
"203533",Rubiaceae,Duroia,eriopila,285606.051543687,581439.746325,"203517",20.2,"47",Lecythidaceae,,persistens,285601.305757,581438.855925
"203534",Simaroubaceae,Homalolepis,cedron,285605.96551575,581439.5115,"203517",20.2,"47",Lecythidaceae,,persistens,285601.305757,581438.855925
"203536",Clusiaceae,Tovomita,"sp,9 CAY-ATDN",285606.0140659,581439.00295,"203517",20.2,"47",Lecythidaceae,,persistens,285601.305757,581438.855925
"203537",Peraceae,Pogonophora,schomburgkiana,285605.81313025,581438.6293,"203517",20.2,"47",Lecythidaceae,,persistens,285601.305757,581438.855925
"203545",Cordiaceae,Cordia,sprucei,285605.335700875,581436.918075,"203517",20.2,"47",Lecythidaceae,,persistens,285601.305757,581438.855925
"203546",Chrysobalanaceae,Hymenopus,heteromorphus,285605.239841125,581436.889525,"203517",20.2,"47",Lecythidaceae,,persistens,285601.305757,581438.855925
"203547",Lecythidaceae,Gustavia,hexapetala,285605.19191125,581436.87525,"203517",20.2,"47",Lecythidaceae,,persistens,285601.305757,581438.855925
"203552",Clusiaceae,Tovomita,longifolia,285601.35496125,581437.82455,"203517",20.2,"47",Lecythidaceae,,persistens,285601.305757,581438.855925
"203553",Fabaceae,Bocoa,prouacensis,285602.220898438,581435.467375,"203517",20.2,"47",Lecythidaceae,,persistens,285601.305757,581438.855925
"203554",Annonaceae,Oxandra,asbeckii,285602.88372325,581442.46395,"203517",20.2,"47",Lecythidaceae,,persistens,285601.305757,581438.855925
"203555",Chrysobalanaceae,Licania,membranacea,285604.853273375,581439.38945,"203517",20.2,"47",Lecythidaceae,,persistens,285601.305757,581438.855925
"204641",Annonaceae,Anaxagorea,dolichocarpa,285625.86340105,581467.8211,"204713",20.6,"46",Vochysiaceae,,rosea,285626.1564335,581472.4059
"204642",Chrysobalanaceae,Hymenopus,heteromorphus,285623.72423205,581468.33465,"204713",20.6,"46",Vochysiaceae,,rosea,285626.1564335,581472.4059
"204643",Fabaceae,Inga,gracilifolia,285622.332488175,581469.48915,"204713",20.6,"46",Vochysiaceae,,rosea,285626.1564335,581472.4059
"204644",Annonaceae,Anaxagorea,dolichocarpa,285622.2077446,581469.5566,"204713",20.6,"46",Vochysiaceae,,rosea,285626.1564335,581472.4059
"204645",Fabaceae,Vouacapoua,americana,285624.5098404,581469.19615,"204713",20.6,"46",Vochysiaceae,,rosea,285626.1564335,581472.4059
"204646",Annonaceae,Anaxagorea,dolichocarpa,285625.8139879,581469.3753,"204713",20.6,"46",Vochysiaceae,,rosea,285626.1564335,581472.4059
"204647",Burseraceae,Protium,tenuifolium,285625.6212518,581470.36385,"204713",20.6,"46",Vochysiaceae,,rosea,285626.1564335,581472.4059
"204648",Sapindaceae,Talisia,sylvatica,285625.151148875,581470.53765,"204713",20.6,"46",Vochysiaceae,,rosea,285626.1564335,581472.4059
"204650",Malvaceae,Theobroma,guianense,285628.4408712,581470.3667,"204713",20.6,"46",Vochysiaceae,,rosea,285626.1564335,581472.4059
"204651",Annonaceae,Oxandra,asbeckii,285628.5954288,581469.1576,"204713",20.6,"46",Vochysiaceae,,rosea,285626.1564335,581472.4059
"204652",Celastraceae,Maytenus,oblongata,285628.7108672,581468.7736,"204713",20.6,"46",Vochysiaceae,,rosea,285626.1564335,581472.4059
"204653",Myristicaceae,Iryanthera,sagotiana,285629.78412425,581469.72075,"204713",20.6,"46",Vochysiaceae,,rosea,285626.1564335,581472.4059
"204654",Annonaceae,Anaxagorea,dolichocarpa,285630.01309445,581471.04405,"204713",20.6,"46",Vochysiaceae,,rosea,285626.1564335,581472.4059
"204674",Sapotaceae,Pouteria,sagotiana,285623.004643325,581468.64335,"204713",20.6,"46",Vochysiaceae,,rosea,285626.1564335,581472.4059
"204675",Lecythidaceae,Lecythis,persistens,285627.0026892,581469.93845,"204713",20.6,"46",Vochysiaceae,,rosea,285626.1564335,581472.4059
"204677",Peraceae,Pogonophora,schomburgkiana,285629.6696432,581469.0591,"204713",20.6,"46",Vochysiaceae,,rosea,285626.1564335,581472.4059
"204678",Fabaceae,Inga,loubryana,285621.30366815,581472.21605,"204713",20.6,"46",Vochysiaceae,,rosea,285626.1564335,581472.4059
"204684",Fabaceae,Vouacapoua,americana,285622.6264407,581473.0283,"204713",20.6,"46",Vochysiaceae,,rosea,285626.1564335,581472.4059
"204707",Chrysobalanaceae,Hymenopus,heteromorphus,285627.59086875,581477.01675,"204713",20.6,"46",Vochysiaceae,,rosea,285626.1564335,581472.4059
"204708",Sapindaceae,Talisia,guianensis,285629.1361726,581475.6988,"204713",20.6,"46",Vochysiaceae,,rosea,285626.1564335,581472.4059
"204709",Meliaceae,Trichilia,schomburgkii,285629.0989399,581474.4326,"204713",20.6,"46",Vochysiaceae,,rosea,285626.1564335,581472.4059
"204710",Sapotaceae,Pouteria,melanopoda,285627.009102975,581473.39195,"204713",20.6,"46",Vochysiaceae,,rosea,285626.1564335,581472.4059
"204710",Sapotaceae,Pouteria,melanopoda,285627.009102975,581473.39195,"204713",20.6,"46",Vochysiaceae,,rosea,285626.1564335,581472.4059
"204711",Fabaceae,Eperua,falcata,285624.1223938,581473.26455,"204713",20.6,"46",Vochysiaceae,,rosea,285626.1564335,581472.4059
"204712",Annonaceae,Oxandra,asbeckii,285627.0770802,581472.47085,"204713",20.6,"46",Vochysiaceae,,rosea,285626.1564335,581472.4059
"204713",Vochysiaceae,Qualea,rosea,285626.1564335,581472.4059,"204713",20.6,"46",Vochysiaceae,,rosea,285626.1564335,581472.4059
"204714",Malvaceae,Theobroma,guianense,285625.7254545,581471.7546,"204713",20.6,"46",Vochysiaceae,,rosea,285626.1564335,581472.4059
"204715",Fabaceae,Bocoa,prouacensis,285625.60071295,581471.82205,"204713",20.6,"46",Vochysiaceae,,rosea,285626.1564335,581472.4059
"204716",Annonaceae,Anaxagorea,dolichocarpa,285624.8894482,581473.49295,"204713",20.6,"46",Vochysiaceae,,rosea,285626.1564335,581472.4059
"204717",Burseraceae,Protium,sagotianum,285624.78330125,581474.1935,"204713",20.6,"46",Vochysiaceae,,rosea,285626.1564335,581472.4059
"204718",Fabaceae,Vouacapoua,americana,285624.6967175,581474.4815,"204713",20.6,"46",Vochysiaceae,,rosea,285626.1564335,581472.4059
"204725",Annonaceae,Oxandra,asbeckii,285630.12571,581473.797,"204713",20.6,"46",Vochysiaceae,,rosea,285626.1564335,581472.4059
"204726",Putranjivaceae,Drypetes,variabilis,285628.774072375,581473.08075,"204713",20.6,"46",Vochysiaceae,,rosea,285626.1564335,581472.4059
"204883",Annonaceae,Anaxagorea,dolichocarpa,285611.87737875,581511.5607,"204918",20.7,"42",Melastomataceae,,sagotiana,285614.36935775,581514.3943
"204884",Annonaceae,Oxandra,asbeckii,285612.0692025,581511.6178,"204918",20.7,"42",Melastomataceae,,sagotiana,285614.36935775,581514.3943
"204885",Myristicaceae,Virola,michelii,285611.21442835,581512.72305,"204918",20.7,"42",Melastomataceae,,sagotiana,285614.36935775,581514.3943
"204886",Clusiaceae,Symphonia,"sp,1",285610.90715135,581513.04995,"204918",20.7,"42",Melastomataceae,,sagotiana,285614.36935775,581514.3943
"204887",Meliaceae,Trichilia,schomburgkii,285610.6091979,581513.6934,"204918",20.7,"42",Melastomataceae,,sagotiana,285614.36935775,581514.3943
"204889",Sapindaceae,Talisia,sylvatica,285609.62962895,581514.8661,"204918",20.7,"42",Melastomataceae,,sagotiana,285614.36935775,581514.3943
"204890",Annonaceae,Oxandra,asbeckii,285609.4480156,581514.0799,"204918",20.7,"42",Melastomataceae,,sagotiana,285614.36935775,581514.3943
"204894",Annonaceae,Anaxagorea,dolichocarpa,285609.8298996,581516.2854,"204918",20.7,"42",Melastomataceae,,sagotiana,285614.36935775,581514.3943
"204900",Lecythidaceae,Eschweilera,sagotiana,285611.657397625,581516.4633,"204918",20.7,"42",Melastomataceae,,sagotiana,285614.36935775,581514.3943
"204901",Fabaceae,Inga,acreana,285611.82546675,581516.25185,"204918",20.7,"42",Melastomataceae,,sagotiana,285614.36935775,581514.3943
"204903",Ochnaceae,Quiina,integrifolia,285613.9551266,581516.4674,"204918",20.7,"42",Melastomataceae,,sagotiana,285614.36935775,581514.3943
"204904",Annonaceae,Oxandra,asbeckii,285614.2225,581518.01125,"204918",20.7,"42",Melastomataceae,,sagotiana,285614.36935775,581514.3943
"204906",Annonaceae,Oxandra,asbeckii,285615.2962576,581518.9584,"204918",20.7,"42",Melastomataceae,,sagotiana,285614.36935775,581514.3943
"204909",Burseraceae,Protium,opacum,285615.69009825,581518.3435,"204918",20.7,"42",Melastomataceae,,sagotiana,285614.36935775,581514.3943
"204910",Annonaceae,Oxandra,asbeckii,285610.3094781,581516.42815,"204918",20.7,"42",Melastomataceae,,sagotiana,285614.36935775,581514.3943
"204912",Annonaceae,Anaxagorea,dolichocarpa,285616.6204,581518.725,"204918",20.7,"42",Melastomataceae,,sagotiana,285614.36935775,581514.3943
"204913",Annonaceae,Oxandra,asbeckii,285616.30462555,581517.6897,"204918",20.7,"42",Melastomataceae,,sagotiana,285614.36935775,581514.3943
"204916",Lecythidaceae,Eschweilera,coriacea,285615.4337408,581515.0249,"204918",20.7,"42",Melastomataceae,,sagotiana,285614.36935775,581514.3943
"204917",Fabaceae,Swartzia,guianensis,285613.55715525,581510.49185,"204918",20.7,"42",Melastomataceae,,sagotiana,285614.36935775,581514.3943
"204918",Melastomataceae,Mouriri,sagotiana,285614.36935775,581514.3943,"204918",20.7,"42",Melastomataceae,,sagotiana,285614.36935775,581514.3943
"204919",Annonaceae,Oxandra,asbeckii,285615.761381,581513.2398,"204918",20.7,"42",Melastomataceae,,sagotiana,285614.36935775,581514.3943
"204920",Calophyllaceae,Caraipa,densifolia,285614.718287825,581510.10535,"204918",20.7,"42",Melastomataceae,,sagotiana,285614.36935775,581514.3943
"204921",Rubiaceae,Amaioua,guianensis,285614.8413156,581512.1292,"204918",20.7,"42",Melastomataceae,,sagotiana,285614.36935775,581514.3943
"204922",Annonaceae,Oxandra,asbeckii,285613.872870525,581511.52715,"204918",20.7,"42",Melastomataceae,,sagotiana,285614.36935775,581514.3943
"204923",Chrysobalanaceae,Licania,canescens,285613.6513115,581512.6117,"204918",20.7,"42",Melastomataceae,,sagotiana,285614.36935775,581514.3943
"204924",Annonaceae,Anaxagorea,dolichocarpa,285613.027443625,581512.94895,"204918",20.7,"42",Melastomataceae,,sagotiana,285614.36935775,581514.3943
"204926",Myristicaceae,Virola,michelii,285612.355176875,581513.79475,"204918",20.7,"42",Melastomataceae,,sagotiana,285614.36935775,581514.3943
"204927",Moraceae,Trymatococcus,oligandrus,285612.829643012,581514.30205,"204918",20.7,"42",Melastomataceae,,sagotiana,285614.36935775,581514.3943
"204932",Annonaceae,Oxandra,asbeckii,285610.973316175,581514.22015,"204918",20.7,"42",Melastomataceae,,sagotiana,285614.36935775,581514.3943
"205088",Clusiaceae,Tovomita,"sp,9 CAY-ATDN",285619.1369951,581514.87215,"204918",20.7,"42",Melastomataceae,,sagotiana,285614.36935775,581514.3943
"205089",Clusiaceae,Tovomita,"sp,9 CAY-ATDN",285618.1294948,581515.0952,"204918",20.7,"42",Melastomataceae,,sagotiana,285614.36935775,581514.3943
"205089",Clusiaceae,Tovomita,"sp,9 CAY-ATDN",285618.1294948,581515.0952,"204918",20.7,"42",Melastomataceae,,sagotiana,285614.36935775,581514.3943
"205091",Violaceae,Paypayrola,hulkiana,285617.7543512,581516.3432,"204918",20.7,"42",Melastomataceae,,sagotiana,285614.36935775,581514.3943
"205092",Annonaceae,Oxandra,asbeckii,285617.7543512,581516.3432,"204918",20.7,"42",Melastomataceae,,sagotiana,285614.36935775,581514.3943
"205094",Sapotaceae,Micropholis,guyanensis,285618.50215155,581516.98415,"204918",20.7,"42",Melastomataceae,,sagotiana,285614.36935775,581514.3943
"205153",Annonaceae,Oxandra,asbeckii,285618.8220676,581512.7912,"204918",20.7,"42",Melastomataceae,,sagotiana,285614.36935775,581514.3943
"205318",Elaeocarpaceae,Sloanea,garckeana,285630.35657,581473.029,"204713",20.6,"46",Vochysiaceae,,rosea,285626.1564335,581472.4059
